,Institution,Job No,"List Id {1,2,3}","List id (1,2,3)",URL (URL of the job posting),1,2,3,4,5,6,7,8,9,10,11,12,13,14,15,16,17,18,19,20,21,22,23,24,25,26,27,28,29,30,31,32,33,34,35,36,37,38,39,40,41,42,43,44,45,46,47,48,49,50,51,52,53,54,55,56,57,58,59,60,61,62,63,64,65,66,67,68,69,70,71,72,73,74,75,76,77,78,79,80,81,82,83,84,85,86,87,88,89,90,91,92,93,94,95,96,97,98,99,100
0,PNC Bank,1,1,1,https://www.indeed.com/viewjob?jk=ecbea465b6a9f407&fccid=c8b95085141fd14a&vjs=3,0,0,0,0,0,0,0,0,0,0,0,0,0,0,0,0,2,0,0,0,0,0,0,0,0,0,0,0,0,0,0,1,0,0,0,0,0,0,0,0,0,0,0,0,0,0,0,0,0,0,0,0,0,0,0,1,0,0,0,0,0,0,0,0,0,0,0,0,0,0,0,0,0,0,0,0,0,0,0,0,0,0,0,0,0,0,0,0,0,0,0,0,0,0,0,0,0,0,0,0
0,PNC Bank,1,1,1,https://www.indeed.com/viewjob?jk=df9b2a0c4489b1f0&fccid=b1330bfa6e5aae73&vjs=3,0,4,4,0,0,0,3,0,0,0,0,0,10,0,0,0,1,0,0,0,0,0,0,0,5,0,3,0,0,0,0,1,1,0,0,0,0,0,0,0,1,0,0,0,0,1,0,0,0,0,0,0,0,0,0,2,0,0,2,0,0,0,0,0,0,0,0,0,1,0,1,0,0,0,0,0,0,0,0,0,0,0,0,0,0,0,0,0,0,0,0,0,0,0,0,0,0,0,0,0
0,PNC Bank,1,1,1,https://www.indeed.com/viewjob?jk=47910f4cf325fbed&fccid=b1330bfa6e5aae73&vjs=3,0,2,3,0,0,0,2,0,0,0,1,0,3,0,0,0,2,0,0,0,0,0,0,0,1,0,0,0,0,0,0,1,2,0,0,0,0,0,0,1,0,0,0,0,0,2,0,0,1,0,0,0,0,0,0,7,0,0,2,0,1,0,1,0,0,0,0,2,0,1,0,0,0,0,0,0,0,0,0,0,0,0,0,0,0,0,0,0,0,0,0,0,0,0,0,1,0,0,0,0
0,PNC Bank,1,1,1,https://www.indeed.com/viewjob?jk=f8bc11d502887f1c&fccid=b1330bfa6e5aae73&vjs=3,0,5,1,0,0,0,2,0,0,0,0,0,10,0,0,0,4,0,0,0,0,0,0,0,0,0,2,0,0,0,0,1,1,0,0,0,1,0,0,0,1,0,0,0,0,1,0,0,0,0,0,0,0,0,0,2,0,0,2,0,0,0,0,0,0,0,0,0,0,0,0,0,0,0,0,0,10,0,0,0,0,2,0,0,0,0,0,0,0,1,0,0,0,0,0,0,0,0,0,0
0,PNC Bank,1,1,1,https://www.indeed.com/viewjob?jk=bf9fb60026d002c0&fccid=5bcd1ef0a7f4fb99&vjs=3,0,0,3,0,0,0,0,0,0,0,0,0,0,0,0,0,0,0,0,0,0,0,0,0,0,0,0,0,0,0,0,0,0,2,0,0,0,0,0,0,1,0,0,0,0,0,0,0,0,0,0,0,0,0,0,0,0,0,0,1,0,0,0,0,0,0,0,0,0,0,0,0,0,0,0,0,1,0,0,0,0,0,0,0,0,0,0,0,0,1,0,0,0,0,0,0,0,0,0,0
0,PNC Bank,1,1,1,https://www.indeed.com/viewjob?jk=b10eca9a32f13c20&fccid=b1330bfa6e5aae73&vjs=3,0,2,5,1,0,0,4,0,0,0,1,0,3,0,0,0,3,0,0,0,0,0,0,0,1,0,1,0,0,0,1,1,1,0,0,0,0,0,0,0,0,0,0,0,0,1,0,0,0,0,0,0,0,0,0,2,0,0,3,0,1,0,0,0,0,0,0,3,0,0,0,0,0,0,0,0,1,0,0,0,0,0,0,0,0,0,0,0,0,0,0,0,0,0,0,0,0,0,0,0
0,PNC Bank,1,1,1,https://www.indeed.com/viewjob?jk=18b31206fcb52d2d&fccid=b1330bfa6e5aae73&vjs=3,0,0,0,0,0,0,1,0,0,0,0,0,2,0,0,0,1,0,0,0,0,0,0,0,0,0,3,0,0,0,0,1,1,0,0,0,0,0,0,0,0,0,0,0,0,0,0,0,0,0,0,0,0,0,0,3,0,0,2,0,0,0,0,0,0,0,0,0,0,0,0,0,0,0,0,0,3,0,0,0,0,0,0,0,0,0,0,0,0,0,0,0,0,0,0,0,0,0,0,0
0,PNC Bank,1,1,1,https://www.indeed.com/viewjob?jk=6db7384174b81f3c&fccid=b1330bfa6e5aae73&vjs=3,0,5,4,0,0,0,2,0,0,0,0,0,9,0,0,0,0,0,0,0,0,0,0,0,2,0,1,0,0,0,0,2,1,0,0,0,0,0,0,0,0,0,0,0,0,1,0,0,0,0,0,0,0,0,0,2,0,0,2,0,0,0,0,0,0,0,0,0,1,0,1,0,0,0,0,0,1,0,0,0,0,0,0,0,0,0,0,0,0,0,0,0,0,0,0,0,0,0,0,0
0,PNC Bank,1,1,1,https://www.indeed.com/viewjob?jk=88348196a1d95415&fccid=b1330bfa6e5aae73&vjs=3,0,2,3,0,0,0,2,0,0,0,1,0,3,0,0,0,2,0,0,0,0,0,0,0,1,0,0,0,0,0,0,1,2,0,0,0,0,0,0,1,0,0,0,0,0,2,0,0,2,0,0,0,0,0,0,7,0,0,2,0,1,0,1,0,0,0,0,2,0,1,0,0,0,0,0,0,0,0,0,0,0,0,0,0,0,0,0,0,0,0,0,0,0,0,0,1,0,0,0,0
0,PNC Bank,1,1,1,https://www.indeed.com/viewjob?jk=ed89d76b196f58e8&fccid=b1330bfa6e5aae73&vjs=3,0,5,8,0,0,0,5,0,0,0,0,0,13,0,0,0,2,0,0,1,0,0,0,0,5,0,2,0,0,0,0,1,1,0,0,0,0,0,0,0,0,0,1,0,0,4,0,0,0,0,1,0,0,0,0,2,0,0,3,0,0,0,0,0,0,0,0,2,2,0,0,0,0,0,0,0,2,0,0,0,0,0,0,0,0,0,0,0,0,0,0,0,0,0,0,0,0,0,0,0
0,PNC Bank,1,1,1,https://www.indeed.com/viewjob?jk=51410e9ce08fcf12&fccid=b1330bfa6e5aae73&vjs=3,0,4,5,0,0,0,4,0,0,0,0,0,11,0,0,0,5,0,0,0,0,0,0,0,2,0,1,0,0,0,0,1,1,0,0,0,0,1,0,0,1,1,0,0,0,1,0,0,0,0,0,0,0,0,0,3,0,0,2,0,0,0,0,0,0,1,0,1,2,0,0,0,0,0,0,0,0,0,0,0,0,0,0,0,0,0,0,0,0,0,0,0,0,0,0,0,0,0,0,0
0,PNC Bank,1,1,1,https://www.indeed.com/viewjob?jk=c5b66f4eff842e48&fccid=b1330bfa6e5aae73&vjs=3,0,2,0,0,0,0,1,1,0,0,0,0,2,0,0,0,1,0,0,0,0,0,0,0,1,0,2,0,0,0,0,2,1,0,0,0,0,0,0,0,0,0,0,0,0,0,0,0,0,0,0,0,6,0,0,5,0,0,5,0,0,0,1,0,0,0,0,0,0,0,0,0,0,0,0,0,0,0,0,0,0,0,1,0,0,0,0,0,0,0,0,0,0,0,0,0,0,0,1,0
0,PNC Bank,1,1,1,https://www.indeed.com/viewjob?jk=9a5e5384c8448767&fccid=b1330bfa6e5aae73&vjs=3,0,5,8,0,0,0,5,0,0,0,0,0,13,0,0,0,2,0,0,1,0,0,0,0,6,0,2,0,0,0,0,1,1,0,0,0,0,0,0,0,0,0,1,0,0,4,0,0,0,0,1,0,0,0,0,2,0,0,3,0,0,0,0,0,0,0,0,2,2,0,0,0,0,0,0,0,2,0,0,0,0,0,0,0,0,0,0,0,0,0,0,0,0,0,0,0,0,0,0,0
0,PNC Bank,1,1,1,https://www.indeed.com/viewjob?jk=3d157827ed6db894&fccid=b1330bfa6e5aae73&vjs=3,0,0,0,0,0,0,1,0,0,0,0,0,2,0,0,0,1,0,0,0,0,0,0,0,0,0,3,0,0,0,0,1,1,0,0,0,0,0,0,0,0,0,0,2,0,0,0,0,0,0,0,0,0,0,0,4,0,0,2,0,0,0,0,0,0,0,0,1,0,0,0,0,0,0,0,0,2,0,0,0,0,0,0,0,0,0,0,0,0,1,0,0,0,0,0,0,0,0,0,0
0,PNC Bank,1,1,1,https://www.indeed.com/viewjob?jk=4ad3f1c357aba6b3&fccid=b1330bfa6e5aae73&vjs=3,0,0,2,0,0,0,0,0,0,0,0,0,3,0,0,0,0,0,0,0,0,0,0,0,0,0,1,0,0,0,0,1,1,0,0,0,0,0,0,0,0,0,0,0,0,0,0,0,0,0,0,0,2,0,0,4,0,0,2,0,0,0,0,0,0,0,0,0,0,0,0,0,0,0,0,0,0,0,0,0,0,0,0,0,0,0,0,0,0,0,0,0,0,0,0,0,0,0,0,0
0,PNC Bank,1,1,1,https://www.indeed.com/viewjob?jk=88348196a1d95415&fccid=b1330bfa6e5aae73&vjs=3,0,2,3,0,0,0,2,0,0,0,1,0,3,0,0,0,2,0,0,0,0,0,0,0,1,0,0,0,0,0,0,1,2,0,0,0,0,0,0,1,0,0,0,0,0,2,0,0,2,0,0,0,0,0,0,7,0,0,2,0,1,0,1,0,0,0,0,2,0,1,0,0,0,0,0,0,0,0,0,0,0,0,0,0,0,0,0,0,0,0,0,0,0,0,0,1,0,0,0,0
0,PNC Bank,1,1,1,https://www.indeed.com/viewjob?jk=41995f5ed87088e3&fccid=b1330bfa6e5aae73&vjs=3,0,4,1,0,0,0,2,0,0,0,0,0,11,0,0,0,4,0,0,0,0,0,0,0,0,0,2,0,0,0,0,1,1,0,0,0,0,0,0,0,0,0,0,0,0,1,0,0,0,0,0,0,0,0,0,2,0,0,2,0,0,0,0,0,0,0,0,0,0,0,0,0,0,0,0,0,7,0,0,0,0,2,0,0,0,0,0,0,0,0,0,0,0,0,0,0,0,0,0,0
0,PNC Bank,1,1,1,https://www.indeed.com/viewjob?jk=9e0ad32ca2feb11d&fccid=b1330bfa6e5aae73&vjs=3,0,0,7,2,0,0,0,1,0,0,0,0,2,0,0,0,0,0,0,0,0,0,0,0,0,0,0,0,0,0,0,4,1,0,0,0,0,0,0,0,0,0,0,0,0,0,0,0,1,0,0,0,0,1,0,8,0,0,4,0,0,0,0,0,0,0,0,0,0,0,0,0,0,0,0,0,0,0,0,0,0,0,0,0,0,0,0,0,0,0,0,0,0,0,2,0,0,0,0,0
0,PNC Bank,1,1,1,https://www.indeed.com/viewjob?jk=84b3143f95723b96&fccid=b1330bfa6e5aae73&vjs=3,1,0,2,2,0,0,0,0,0,0,0,0,2,0,0,0,0,0,0,0,0,0,0,0,0,0,0,0,0,0,0,1,1,0,0,0,0,0,0,0,0,0,1,0,0,0,0,0,1,0,0,0,4,0,0,3,0,0,4,0,0,0,0,0,0,0,0,1,0,0,0,0,0,0,0,0,0,0,0,0,0,0,1,0,0,0,0,0,0,0,0,0,0,0,0,0,0,0,0,0
0,PNC Bank,1,1,1,https://www.indeed.com/viewjob?jk=cd10da91acada6f2&fccid=b1330bfa6e5aae73&vjs=3,0,0,2,1,0,0,0,0,0,0,2,0,3,0,0,0,0,0,0,0,0,0,0,0,0,0,1,0,0,1,0,1,1,0,0,0,0,0,0,0,0,0,0,0,0,0,0,0,0,0,0,0,2,0,0,5,0,0,2,0,0,0,0,0,0,0,0,0,0,0,0,0,0,0,0,0,0,0,0,0,0,0,0,0,0,0,0,0,0,0,0,0,0,0,0,0,0,0,0,0
0,PNC Bank,1,1,1,https://www.indeed.com/viewjob?jk=ecbea465b6a9f407&fccid=c8b95085141fd14a&vjs=3,0,0,0,0,0,0,0,0,0,0,0,0,0,0,0,0,2,0,0,0,0,0,0,0,0,0,0,0,0,0,0,1,0,0,0,0,0,0,0,0,0,0,0,0,0,0,0,0,0,0,0,0,0,0,0,1,0,0,0,0,0,0,0,0,0,0,0,0,0,0,0,0,0,0,0,0,0,0,0,0,0,0,0,0,0,0,0,0,0,0,0,0,0,0,0,0,0,0,0,0
0,PNC Bank,1,1,1,https://www.indeed.com/viewjob?jk=d75c90cf075f8aa4&fccid=b1330bfa6e5aae73&vjs=3,0,3,4,0,0,0,3,0,0,0,0,0,7,0,0,0,2,0,0,0,0,0,0,0,1,0,0,0,0,0,0,1,3,0,0,0,0,0,0,0,0,0,0,1,0,2,0,0,0,0,0,0,0,0,0,2,0,0,2,0,0,0,1,0,0,0,0,1,0,0,0,0,0,0,0,0,0,0,0,0,0,0,1,0,0,0,0,0,0,0,0,0,0,0,0,0,0,0,0,0
0,PNC Bank,1,1,1,https://www.indeed.com/viewjob?jk=557f1d1703e2482f&fccid=b1330bfa6e5aae73&vjs=3,0,2,3,0,0,0,2,0,0,0,0,0,8,0,0,0,1,0,0,0,0,0,0,0,1,0,2,0,0,0,0,1,1,0,0,0,0,0,0,0,0,0,1,0,0,1,0,0,0,0,1,0,0,0,0,3,0,0,7,0,0,0,0,0,0,0,0,1,2,0,0,0,0,0,0,0,1,0,0,0,0,0,0,0,0,0,0,0,0,0,0,0,0,0,0,0,0,0,0,0
0,PNC Bank,1,1,1,https://www.indeed.com/viewjob?jk=2dd062a88be10902&fccid=b1330bfa6e5aae73&vjs=3,0,3,1,0,0,0,2,0,0,0,0,0,9,0,0,0,4,0,0,0,0,0,0,0,0,0,2,0,0,0,0,1,1,0,0,0,0,0,0,0,0,0,0,0,0,1,0,0,0,0,0,0,0,0,0,2,0,0,2,0,0,0,0,0,0,0,0,0,0,0,0,0,0,0,0,0,5,0,0,0,0,2,0,0,0,0,0,0,0,0,0,0,0,0,0,0,0,0,0,0
0,PNC Bank,1,1,1,https://www.indeed.com/viewjob?jk=99d99c340a17397d&fccid=b1330bfa6e5aae73&vjs=3,0,4,1,0,0,0,2,0,0,0,0,0,10,0,0,0,4,0,0,0,0,0,0,0,0,0,2,0,0,0,0,1,1,0,0,0,0,0,0,0,0,0,0,0,0,1,0,0,0,0,0,0,0,0,0,2,0,0,2,0,0,0,0,0,0,0,0,0,0,0,0,0,0,0,0,0,6,0,0,0,0,2,0,0,0,0,0,0,0,0,0,0,0,0,0,0,0,0,0,0
0,PNC Bank,1,1,1,https://www.indeed.com/viewjob?jk=12b19b450e32f593&fccid=b1330bfa6e5aae73&vjs=3,0,1,0,0,0,0,1,0,0,0,0,0,3,0,0,0,1,0,0,0,0,0,0,0,0,0,2,0,0,0,0,1,1,0,0,0,0,0,0,0,0,0,0,0,0,0,0,0,0,0,0,0,0,0,0,2,0,0,2,0,0,0,0,0,0,0,0,0,0,0,0,0,0,0,0,0,3,0,0,0,0,0,0,0,0,0,0,0,0,0,0,0,0,0,0,0,0,0,0,0
0,PNC Bank,1,1,1,https://www.indeed.com/viewjob?jk=37328a4337a967fa&fccid=b1330bfa6e5aae73&vjs=3,0,1,1,0,0,0,0,0,0,0,0,0,2,0,0,0,0,0,0,0,0,0,0,0,0,0,1,0,0,0,0,1,1,0,0,0,0,0,0,0,0,1,0,0,0,0,0,0,0,0,0,0,0,1,0,8,0,0,4,0,0,0,0,0,0,0,0,0,0,0,0,0,0,0,0,0,2,0,0,0,0,0,0,0,0,0,0,0,0,0,0,0,0,0,0,0,0,0,0,0
0,PNC Bank,1,1,1,https://www.indeed.com/viewjob?jk=0ece72782c962de7&fccid=f2d0ffe36bb2f0f4&vjs=3,0,0,0,0,0,0,0,0,0,0,1,0,0,0,0,0,0,0,0,1,0,0,0,0,0,0,0,0,0,0,0,1,0,0,0,0,0,0,0,0,0,0,0,1,0,0,0,0,0,0,0,0,3,0,0,2,0,0,0,0,0,0,0,0,0,0,0,0,0,0,0,0,0,0,0,2,0,1,0,0,0,0,0,0,0,0,0,0,0,0,0,0,0,0,0,0,0,0,0,0
0,PNC Bank,1,1,1,https://www.indeed.com/viewjob?jk=419519e1461f06f2&fccid=b1330bfa6e5aae73&vjs=3,0,3,4,0,0,0,2,0,0,0,0,0,5,0,0,0,4,0,0,0,0,0,0,0,1,0,0,0,0,0,0,1,1,0,0,0,0,0,0,0,0,0,0,0,0,3,0,0,0,0,0,0,2,0,0,4,0,0,2,0,0,0,0,0,0,0,0,2,0,0,0,0,0,0,0,0,0,0,0,0,0,1,0,0,0,0,0,0,0,0,0,0,0,0,0,0,0,0,0,0
0,PNC Bank,1,1,1,https://www.indeed.com/viewjob?jk=14c67eb2f029e592&fccid=b1330bfa6e5aae73&vjs=3,0,1,0,1,0,0,0,0,0,0,0,0,3,0,0,0,0,0,0,0,0,0,0,0,0,0,0,0,0,0,0,3,1,0,0,0,0,0,0,0,0,0,0,0,0,1,0,0,0,0,0,0,0,0,0,2,0,0,2,0,1,0,0,0,0,0,0,0,0,0,0,0,0,0,0,0,0,0,0,0,0,0,0,0,0,0,0,0,0,0,0,0,0,0,0,1,0,0,0,0
0,PNC Bank,1,1,1,https://www.indeed.com/viewjob?jk=91a99ba0a0d0c743&fccid=b1330bfa6e5aae73&vjs=3,0,5,3,0,0,0,4,0,0,0,0,0,9,0,0,0,4,0,0,0,0,0,0,0,1,0,2,0,0,0,0,1,1,0,0,0,0,0,0,0,0,0,0,0,0,2,0,0,0,0,0,0,0,0,0,2,0,0,2,0,0,0,0,0,0,0,0,1,0,0,0,0,0,0,0,0,6,0,0,0,0,1,0,0,0,0,0,0,0,0,0,0,0,0,0,1,0,0,0,0
0,PNC Bank,1,1,1,https://www.indeed.com/viewjob?jk=33f0ec32a7975057&fccid=b1330bfa6e5aae73&vjs=3,0,0,0,0,0,0,0,1,0,0,0,0,2,0,0,0,0,0,0,0,0,0,0,0,0,0,1,0,0,0,0,1,1,0,0,0,0,0,0,0,0,0,0,0,0,0,0,0,0,0,0,0,0,0,0,3,0,0,2,0,0,0,0,0,0,0,0,0,0,0,0,0,0,0,0,0,1,0,0,0,0,0,0,0,0,0,0,0,0,0,0,0,0,0,0,0,0,0,0,0
0,PNC Bank,1,1,1,https://www.indeed.com/viewjob?jk=d70afaf52614209d&fccid=b1330bfa6e5aae73&vjs=3,0,0,0,0,0,0,1,0,0,0,0,0,3,0,0,0,1,0,0,0,0,0,0,0,0,0,1,0,0,0,1,1,1,0,0,0,0,0,0,0,0,0,0,0,0,0,0,0,0,0,0,0,0,0,0,2,0,0,2,0,0,0,0,0,0,0,0,2,0,0,0,0,0,0,0,0,3,0,0,0,0,0,0,0,0,0,0,0,0,0,0,0,0,0,0,0,0,0,0,0
0,PNC Bank,1,1,1,https://www.indeed.com/viewjob?jk=ea447878ac435a82&fccid=b1330bfa6e5aae73&vjs=3,0,1,2,0,0,0,1,0,0,0,0,0,2,0,0,0,1,0,0,0,0,0,0,0,0,0,2,0,0,0,0,1,1,0,0,0,0,0,0,0,0,0,0,0,0,0,0,0,0,0,0,0,0,0,0,5,0,0,5,0,0,0,0,0,0,0,0,0,0,0,0,0,0,0,0,0,2,0,0,0,0,0,0,0,0,0,0,0,0,0,0,0,0,0,1,0,0,0,0,0
0,PNC Bank,1,1,1,https://www.indeed.com/viewjob?jk=8529931e8aef1899&fccid=b1330bfa6e5aae73&vjs=3,0,3,1,0,0,0,3,0,0,0,0,0,10,0,0,0,4,0,0,0,0,0,0,0,0,0,2,0,0,0,0,1,1,0,0,0,0,0,0,0,0,0,0,0,0,1,0,0,0,0,0,0,0,0,0,2,0,0,2,0,0,0,0,0,0,0,0,0,0,0,0,0,0,0,0,0,6,0,0,0,0,2,0,0,0,0,0,0,0,0,0,0,0,0,0,0,0,0,0,0
0,PNC Bank,1,1,1,https://www.indeed.com/viewjob?jk=7d1fd36117b4a5af&fccid=b1330bfa6e5aae73&vjs=3,0,0,0,3,0,0,1,0,0,0,0,0,3,0,0,0,1,0,0,1,0,0,0,0,0,0,1,0,0,0,0,1,0,0,0,0,0,0,0,0,0,1,0,0,0,1,0,0,0,0,0,0,0,0,0,7,0,0,2,0,0,0,0,0,0,0,0,0,0,0,0,0,0,0,0,0,1,0,0,0,0,0,0,0,0,0,0,0,0,0,0,2,0,0,0,1,0,0,0,0
0,PNC Bank,1,1,1,https://www.indeed.com/viewjob?jk=bd3c60b6bf6eae46&fccid=b1330bfa6e5aae73&vjs=3,0,0,0,0,0,0,0,0,0,0,0,0,3,0,0,0,0,0,0,0,0,0,0,0,0,0,1,0,0,0,0,1,1,0,0,0,0,0,0,0,0,0,0,0,0,0,0,0,0,0,0,0,0,0,0,3,0,0,2,0,1,0,0,0,0,0,0,0,1,0,0,0,0,0,0,0,0,0,0,0,0,0,0,0,0,0,0,0,0,0,0,0,0,0,0,0,0,0,0,0
0,PNC Bank,1,1,1,https://www.indeed.com/viewjob?jk=4ad3f1c357aba6b3&fccid=b1330bfa6e5aae73&vjs=3,0,0,2,0,0,0,0,0,0,0,0,0,3,0,0,0,0,0,0,0,0,0,0,0,0,0,1,0,0,0,0,1,1,0,0,0,0,0,0,0,0,0,0,0,0,0,0,0,0,0,0,0,2,0,0,4,0,0,2,0,0,0,0,0,0,0,0,0,0,0,0,0,0,0,0,0,0,0,0,0,0,0,0,0,0,0,0,0,0,0,0,0,0,0,0,0,0,0,0,0
0,PNC Bank,1,1,1,https://www.indeed.com/viewjob?jk=6955b560ee53a97b&fccid=b1330bfa6e5aae73&vjs=3,0,0,0,4,0,0,0,0,0,0,0,0,2,0,0,0,0,0,0,0,0,1,0,0,0,0,0,0,0,0,0,1,1,0,0,0,0,0,0,0,0,0,0,0,0,0,0,0,1,0,0,0,0,0,0,4,0,0,2,0,0,0,0,0,0,0,0,0,0,0,0,0,0,0,0,0,0,0,0,0,0,0,0,0,0,0,0,0,0,0,0,0,0,0,0,0,0,0,0,0
0,PNC Bank,1,1,1,https://www.indeed.com/viewjob?jk=6080e8617140f3a8&fccid=5bcd1ef0a7f4fb99&vjs=3,0,0,3,0,0,0,0,0,0,0,0,0,0,0,0,0,0,0,0,0,0,0,0,0,0,0,0,0,0,0,0,0,0,2,0,0,0,0,0,0,1,0,0,0,0,0,0,0,0,0,0,0,0,0,0,0,0,0,0,1,0,0,0,0,0,0,0,0,0,0,0,0,0,0,0,0,1,0,0,0,0,0,0,0,0,0,0,0,0,1,0,0,0,0,0,0,0,0,0,0
0,PNC Bank,1,1,1,https://www.indeed.com/viewjob?jk=9892610a6dd18fd6&fccid=8a2cab955e2c8fd5&vjs=3,0,0,5,1,0,0,0,0,0,0,0,0,0,0,0,0,1,0,0,0,0,0,0,0,0,0,0,0,0,2,2,0,0,0,0,0,0,0,0,0,2,0,1,0,0,0,0,0,0,0,0,0,0,0,0,1,0,0,0,1,0,0,0,0,0,0,0,0,0,0,0,0,0,0,0,0,0,0,0,0,0,0,0,0,0,0,0,0,0,1,0,0,0,0,0,0,0,0,0,0
0,PNC Bank,1,1,1,https://www.indeed.com/viewjob?jk=12b19b450e32f593&fccid=b1330bfa6e5aae73&vjs=3,0,1,0,0,0,0,1,0,0,0,0,0,3,0,0,0,1,0,0,0,0,0,0,0,0,0,2,0,0,0,0,1,1,0,0,0,0,0,0,0,0,0,0,0,0,0,0,0,0,0,0,0,0,0,0,2,0,0,2,0,0,0,0,0,0,0,0,0,0,0,0,0,0,0,0,0,3,0,0,0,0,0,0,0,0,0,0,0,0,0,0,0,0,0,0,0,0,0,0,0
0,PNC Bank,1,1,1,https://www.indeed.com/viewjob?jk=7c4e4f38cc20d91c&fccid=b1330bfa6e5aae73&vjs=3,0,0,1,0,0,0,0,0,0,0,0,0,3,0,0,0,1,0,0,0,0,0,0,0,1,0,1,0,0,0,0,1,1,0,0,0,0,0,0,0,0,0,0,0,1,0,0,0,0,0,0,0,0,0,0,6,0,0,5,0,0,0,0,0,0,0,0,1,0,0,0,0,0,0,0,0,1,0,0,0,0,0,0,0,0,0,0,0,0,0,0,0,0,0,0,0,0,0,0,0
0,PNC Bank,1,1,1,https://www.indeed.com/viewjob?jk=15712386543dc5d5&fccid=b1330bfa6e5aae73&vjs=3,0,1,2,0,0,0,1,1,0,0,0,0,7,0,0,0,1,0,0,0,0,0,0,0,1,0,2,0,0,0,0,1,0,0,0,0,0,0,0,0,0,0,0,0,0,1,0,0,0,0,0,0,0,0,0,4,0,0,2,0,0,0,0,0,0,0,0,0,0,0,0,0,0,0,0,0,3,0,0,0,0,0,0,0,0,0,0,0,0,0,0,0,0,0,0,0,0,0,0,0
0,PNC Bank,1,1,1,https://www.indeed.com/viewjob?jk=63e2816f44826bc4&fccid=b1330bfa6e5aae73&vjs=3,0,2,2,0,0,0,3,0,0,0,1,0,6,0,0,0,2,0,0,0,0,0,0,0,1,0,0,0,0,0,0,2,1,0,0,0,0,0,0,0,0,0,0,0,0,1,0,0,0,0,0,0,0,0,0,7,0,0,2,0,0,0,0,0,0,1,0,1,0,0,0,0,0,0,0,0,0,0,0,0,0,0,0,0,0,0,0,0,0,0,0,0,0,0,0,0,0,0,0,0
0,PNC Bank,1,1,1,https://www.indeed.com/viewjob?jk=df2a6036b1eeaef5&fccid=b1330bfa6e5aae73&vjs=3,0,1,0,0,0,0,1,0,0,0,0,0,4,0,0,0,1,0,0,0,0,0,0,0,0,0,2,0,0,0,0,1,1,0,0,0,0,0,0,0,0,0,0,0,0,1,0,0,0,0,1,0,0,0,0,3,0,0,2,0,0,0,0,0,0,0,0,0,0,0,0,0,0,0,0,0,3,0,0,0,0,0,0,0,0,0,0,0,0,0,0,0,0,0,0,0,0,0,0,0
0,PNC Bank,1,1,1,https://www.indeed.com/viewjob?jk=2d69fb6838c729e8&fccid=b1330bfa6e5aae73&vjs=3,0,1,0,0,0,0,1,0,0,0,0,0,3,0,0,0,1,0,0,0,0,0,0,0,0,0,2,0,0,0,0,1,1,0,0,0,0,0,0,0,0,0,0,0,0,0,0,0,0,0,0,0,0,0,0,2,0,0,2,0,0,0,0,0,0,0,0,0,0,0,0,0,0,0,0,0,3,0,0,0,0,0,0,0,0,0,0,0,0,0,0,0,0,0,0,0,0,0,0,0
0,PNC Bank,1,1,1,https://www.indeed.com/viewjob?jk=37328a4337a967fa&fccid=b1330bfa6e5aae73&vjs=3,0,1,1,0,0,0,0,0,0,0,0,0,2,0,0,0,0,0,0,0,0,0,0,0,0,0,1,0,0,0,0,1,1,0,0,0,0,0,0,0,0,1,0,0,0,0,0,0,0,0,0,0,0,1,0,8,0,0,4,0,0,0,0,0,0,0,0,0,0,0,0,0,0,0,0,0,2,0,0,0,0,0,0,0,0,0,0,0,0,0,0,0,0,0,0,0,0,0,0,0
0,PNC Bank,1,1,1,https://www.indeed.com/viewjob?jk=ec96ad397b837dca&fccid=b1330bfa6e5aae73&vjs=3,0,3,4,0,0,0,3,0,0,0,0,0,7,0,0,0,2,0,0,0,0,0,0,0,1,0,0,0,0,0,0,1,3,0,0,0,0,0,0,0,0,0,0,1,0,2,0,0,0,0,0,0,0,0,0,2,0,0,2,0,0,0,1,0,0,0,0,1,0,0,0,0,0,0,0,0,0,0,0,0,0,0,1,0,0,0,0,0,0,0,0,0,0,0,0,0,0,0,0,0
0,PNC Bank,1,1,1,https://www.indeed.com/viewjob?jk=25ebe512035ae84d&fccid=b1330bfa6e5aae73&vjs=3,0,1,0,0,0,0,1,0,0,0,0,0,3,0,0,0,1,0,0,0,0,0,0,0,0,0,2,0,0,0,0,1,1,0,0,0,0,0,0,0,0,0,0,0,0,0,0,0,0,0,0,0,0,0,0,4,0,0,2,0,0,0,0,0,0,0,0,0,0,0,0,0,0,0,0,0,2,0,0,0,0,0,0,0,0,0,0,0,0,0,0,0,0,0,0,0,0,0,0,0
0,PNC Bank,1,1,1,https://www.indeed.com/viewjob?jk=a33a8b6b233d9a5c&fccid=b1330bfa6e5aae73&vjs=3,0,0,0,0,0,0,0,0,0,0,0,0,3,0,0,0,0,0,0,0,0,0,0,0,0,0,4,0,0,0,0,1,1,0,0,0,0,0,0,0,0,0,0,0,0,1,0,0,0,0,0,0,0,0,0,5,0,0,2,0,0,0,0,0,0,0,0,0,0,0,0,0,0,0,0,0,0,0,0,0,0,0,0,0,0,0,0,0,0,0,0,0,0,0,0,0,0,0,0,0
0,PNC Bank,1,1,1,https://www.indeed.com/viewjob?jk=25499feedb136077&fccid=5186366a0a07ae7c&vjs=3,0,0,0,0,0,0,0,0,0,0,1,0,0,0,0,0,0,0,0,0,0,0,0,0,0,0,2,0,0,0,0,0,0,0,0,0,0,0,0,0,0,0,0,0,0,1,0,0,0,0,0,0,0,0,0,1,0,0,0,0,0,0,0,0,0,0,0,0,0,0,0,0,1,0,0,0,0,0,0,0,0,0,0,0,0,0,0,0,0,0,0,0,0,0,0,0,0,0,0,0
0,PNC Bank,1,1,1,https://www.indeed.com/viewjob?jk=04c69b00624a6b6d&fccid=b1330bfa6e5aae73&vjs=3,0,1,4,0,0,0,0,0,0,0,2,0,7,0,0,0,1,0,0,0,0,0,0,0,4,0,1,0,0,0,0,2,1,0,0,0,0,0,0,0,1,0,0,0,0,3,0,0,0,0,0,0,0,1,0,7,0,0,3,1,0,0,1,0,0,0,0,0,0,0,1,0,0,0,0,0,0,0,0,0,0,0,0,0,0,0,0,0,0,0,0,1,0,0,0,0,0,0,0,0
0,PNC Bank,1,1,1,https://www.indeed.com/viewjob?jk=5b99a40b44ffb31a&fccid=b1330bfa6e5aae73&vjs=3,0,1,0,0,0,0,1,0,0,0,0,0,2,0,0,0,1,0,0,0,0,0,0,0,0,0,3,0,0,0,0,1,1,0,0,0,0,0,0,0,0,0,0,0,0,0,0,0,0,0,0,0,0,0,0,4,0,0,2,0,0,0,0,0,0,0,0,0,0,0,0,0,0,0,0,0,2,0,0,0,0,0,0,0,0,0,0,0,0,0,0,0,0,0,0,0,0,0,0,0
0,PNC Bank,1,1,1,https://www.indeed.com/viewjob?jk=2a335b13ce89ea7f&fccid=b1330bfa6e5aae73&vjs=3,0,0,2,0,0,0,1,0,0,0,1,0,3,0,0,0,2,0,0,0,0,0,0,0,0,0,1,0,0,0,0,2,1,0,0,0,0,0,0,0,1,0,0,0,0,1,0,0,1,0,0,0,0,0,0,3,0,0,2,0,0,0,1,0,0,1,1,0,0,0,0,0,0,0,0,0,1,0,0,0,0,0,0,0,0,0,0,0,0,0,0,0,0,0,0,0,0,0,1,0
0,PNC Bank,1,1,1,https://www.indeed.com/viewjob?jk=ca330d4abb4103c0&fccid=b1330bfa6e5aae73&vjs=3,0,3,5,0,0,0,5,0,0,0,0,0,12,0,0,0,2,0,0,0,0,0,0,0,2,0,2,0,0,0,0,1,1,0,0,0,0,0,0,0,0,0,1,0,1,3,0,0,0,0,1,0,0,0,0,2,0,0,3,0,0,0,0,0,0,0,0,2,2,0,1,0,0,0,0,0,3,0,0,0,0,0,0,0,0,0,0,0,0,0,0,0,0,0,0,0,0,0,0,0
0,PNC Bank,1,1,1,https://www.indeed.com/viewjob?jk=6081f9a345dc104d&fccid=b1330bfa6e5aae73&vjs=3,0,2,1,0,0,0,3,0,0,0,0,0,11,0,0,0,3,0,0,0,0,0,0,0,0,0,2,0,0,0,0,1,1,0,0,0,0,0,0,0,0,0,0,0,0,0,0,0,0,0,0,0,0,0,0,2,0,0,2,1,0,0,0,0,0,0,0,0,2,0,0,0,0,0,0,0,5,0,0,0,0,0,0,0,0,0,0,0,0,0,0,0,0,0,1,0,0,0,0,0
0,PNC Bank,1,1,1,https://www.indeed.com/viewjob?jk=cb997f326c4675b7&fccid=b1330bfa6e5aae73&vjs=3,0,3,1,0,0,0,2,0,0,0,0,0,4,0,0,0,2,0,0,0,0,0,0,0,0,0,1,0,0,0,0,1,1,0,0,0,0,0,0,0,0,0,0,0,0,0,0,0,0,0,0,0,1,0,0,3,0,0,2,0,0,0,0,0,0,0,0,0,0,0,0,0,0,0,0,0,1,0,0,0,0,0,0,0,0,0,0,0,0,0,0,0,0,0,0,0,0,0,0,0
0,PNC Bank,1,1,1,https://www.indeed.com/viewjob?jk=79c6f1bdd749e207&fccid=b1330bfa6e5aae73&vjs=3,0,4,4,0,0,0,4,0,0,0,0,0,11,0,0,0,5,0,0,0,0,0,0,0,2,0,1,0,0,0,0,1,1,0,0,0,0,0,0,0,1,1,0,0,0,1,0,0,0,0,0,0,0,0,0,3,0,0,2,0,0,0,0,0,0,1,0,1,2,0,0,0,0,0,0,0,0,0,0,0,0,0,0,0,0,0,0,0,0,0,0,0,0,0,0,0,0,0,0,0
0,PNC Bank,1,1,1,https://www.indeed.com/viewjob?jk=14c67eb2f029e592&fccid=b1330bfa6e5aae73&vjs=3,0,1,0,1,0,0,0,0,0,0,0,0,3,0,0,0,0,0,0,0,0,0,0,0,0,0,0,0,0,0,0,3,1,0,0,0,0,0,0,0,0,0,0,0,0,1,0,0,0,0,0,0,0,0,0,2,0,0,2,0,1,0,0,0,0,0,0,0,0,0,0,0,0,0,0,0,0,0,0,0,0,0,0,0,0,0,0,0,0,0,0,0,0,0,0,1,0,0,0,0
0,PNC Bank,1,1,1,https://www.indeed.com/viewjob?jk=b3ab2997cdd35daa&fccid=b1330bfa6e5aae73&vjs=3,0,0,0,1,0,0,0,0,0,0,0,0,2,0,0,0,0,0,0,0,0,0,0,0,1,0,0,0,0,0,0,3,1,0,0,0,0,0,0,0,0,0,0,0,0,0,0,0,1,0,0,0,0,0,0,12,0,0,11,0,0,0,2,0,0,0,0,0,0,0,0,0,0,0,0,0,0,0,0,0,0,0,0,0,0,0,0,0,0,0,0,0,0,0,0,0,0,0,0,0
0,PNC Bank,1,1,1,https://www.indeed.com/viewjob?jk=a49e91ade2051dba&fccid=b1330bfa6e5aae73&vjs=3,0,0,4,2,0,0,0,0,0,0,0,0,2,0,0,0,0,0,0,0,0,0,0,0,0,0,1,0,0,0,0,1,1,0,0,0,0,0,0,0,0,0,0,1,1,0,0,0,0,0,0,0,0,0,1,3,0,0,2,0,2,0,0,0,0,0,0,0,0,0,0,0,0,0,0,0,0,0,0,0,0,0,0,0,0,0,0,0,0,0,0,0,0,0,0,0,0,0,0,0
0,PNC Bank,1,1,1,https://www.indeed.com/viewjob?jk=8bbabb330eb14081&fccid=b1330bfa6e5aae73&vjs=3,0,2,2,0,0,0,3,0,0,0,0,0,16,0,0,0,2,0,0,0,0,0,0,0,0,0,1,0,0,0,0,2,1,0,0,0,0,0,0,0,0,1,0,0,0,1,0,0,0,0,1,0,0,0,0,3,0,0,2,0,0,0,0,0,0,1,0,2,1,0,0,0,0,0,0,0,1,0,0,0,0,1,0,0,0,0,0,0,0,0,0,0,0,0,0,0,0,0,0,0
0,PNC Bank,1,1,1,https://www.indeed.com/viewjob?jk=ec96ad397b837dca&fccid=b1330bfa6e5aae73&vjs=3,0,3,4,0,0,0,3,0,0,0,0,0,7,0,0,0,2,0,0,0,0,0,0,0,1,0,0,0,0,0,0,1,3,0,0,0,0,0,0,0,0,0,0,1,0,2,0,0,0,0,0,0,0,0,0,2,0,0,2,0,0,0,1,0,0,0,0,1,0,0,0,0,0,0,0,0,0,0,0,0,0,0,1,0,0,0,0,0,0,0,0,0,0,0,0,0,0,0,0,0
0,PNC Bank,1,1,1,https://www.indeed.com/viewjob?jk=275f89dbeeac3d4a&fccid=b1330bfa6e5aae73&vjs=3,0,1,0,0,0,0,1,0,0,0,0,0,3,0,0,0,1,0,0,0,0,0,0,0,0,0,2,0,0,0,0,1,1,0,0,0,0,0,0,0,0,0,0,0,0,0,0,0,0,0,0,0,0,0,0,2,0,0,2,0,0,0,0,0,0,0,0,0,0,0,0,0,0,0,0,0,3,0,0,0,0,0,0,0,0,0,0,0,0,0,0,0,0,0,0,0,0,0,0,0
0,PNC Bank,1,1,1,https://www.indeed.com/viewjob?jk=cf3eadca9708b2fe&fccid=b1330bfa6e5aae73&vjs=3,0,1,2,0,0,0,0,0,0,0,3,0,3,0,0,0,1,0,0,0,0,0,0,0,3,0,0,0,0,0,0,3,1,0,0,0,0,0,0,0,1,0,0,0,0,3,0,0,0,0,1,0,0,1,0,12,0,0,2,1,0,0,1,0,0,0,0,1,0,0,1,0,0,1,0,0,0,0,0,0,0,0,0,0,0,0,0,0,0,0,0,1,0,0,0,0,0,0,0,0
0,PNC Bank,1,1,1,https://www.indeed.com/viewjob?jk=e644a61b10c180e3&fccid=b1330bfa6e5aae73&vjs=3,0,1,0,0,0,0,0,1,0,0,0,0,2,0,0,0,0,0,0,0,0,0,0,0,0,0,0,0,0,0,0,2,1,0,0,0,0,0,0,0,0,0,0,0,0,0,0,0,1,0,0,0,0,1,0,11,0,0,6,0,0,0,0,0,0,0,0,0,0,0,0,0,0,0,0,0,2,0,0,0,0,0,0,0,0,1,0,0,0,0,0,0,0,0,0,0,0,0,0,0
0,PNC Bank,1,1,1,https://www.indeed.com/viewjob?jk=0349bb021f7bde51&fccid=b1330bfa6e5aae73&vjs=3,0,1,4,0,0,0,1,0,0,0,2,0,5,0,0,0,2,0,0,0,0,0,0,0,2,0,1,0,0,0,0,2,1,0,0,0,0,0,0,0,0,0,0,0,1,3,0,0,0,0,0,0,0,1,0,5,0,0,4,1,0,0,1,0,0,0,0,2,0,0,1,0,0,0,0,0,2,0,0,0,0,0,0,0,0,0,0,0,0,0,0,2,0,0,0,0,0,0,0,0
0,PNC Bank,1,1,1,https://www.indeed.com/viewjob?jk=e0505227b0dafa68&fccid=b1330bfa6e5aae73&vjs=3,0,0,2,1,0,0,0,0,0,0,2,0,3,0,0,0,0,0,0,0,0,0,0,0,0,0,1,0,0,1,0,1,1,0,0,0,0,0,0,0,0,0,0,0,0,0,0,0,0,0,0,0,2,0,0,5,0,0,2,0,0,0,0,0,0,0,0,0,0,0,0,0,0,0,0,0,0,0,0,0,0,0,0,0,0,0,0,0,0,0,0,0,0,0,0,0,0,0,0,0
0,PNC Bank,1,1,1,https://www.indeed.com/viewjob?jk=e164ccd937d1944f&fccid=b1330bfa6e5aae73&vjs=3,1,0,1,1,0,0,0,0,0,0,0,0,2,0,0,0,0,0,0,0,0,0,0,0,0,0,0,0,0,0,0,1,1,0,0,0,0,0,0,0,0,0,0,0,0,0,0,0,1,0,0,0,0,0,0,7,0,0,3,0,0,0,0,0,0,0,0,0,0,0,0,0,0,0,0,0,0,0,0,0,0,0,0,0,0,0,0,0,0,0,0,0,0,0,0,0,0,0,0,0
0,PNC Bank,1,1,1,https://www.indeed.com/viewjob?jk=8ad7ca170e50f1fd&fccid=b1330bfa6e5aae73&vjs=3,2,0,1,2,0,0,0,1,0,0,0,0,2,0,0,0,0,0,0,0,0,0,0,0,0,0,0,0,0,0,0,2,1,0,0,0,0,0,0,0,0,0,0,0,0,0,0,0,0,0,0,0,0,0,0,6,0,0,2,0,0,0,0,0,0,0,0,0,0,0,0,0,0,0,0,0,0,0,0,0,0,0,0,0,0,0,0,0,0,0,0,0,0,0,0,0,0,0,0,0
0,PNC Bank,1,1,1,https://www.indeed.com/viewjob?jk=8d46d4782ce80c80&fccid=b1330bfa6e5aae73&vjs=3,0,0,3,0,0,0,0,0,0,0,0,0,2,0,0,0,0,0,0,0,0,0,0,0,0,0,0,0,0,0,0,2,1,0,0,0,0,0,0,0,0,0,0,0,0,0,0,0,0,0,0,0,0,0,0,10,0,0,9,0,0,0,3,0,0,0,0,2,0,0,0,0,0,0,0,0,1,0,0,0,0,0,0,0,0,0,0,0,0,1,0,0,0,0,0,0,0,0,0,0
0,PNC Bank,1,1,1,https://www.indeed.com/viewjob?jk=cd10da91acada6f2&fccid=b1330bfa6e5aae73&vjs=3,0,0,2,1,0,0,0,0,0,0,2,0,3,0,0,0,0,0,0,0,0,0,0,0,0,0,1,0,0,1,0,1,1,0,0,0,0,0,0,0,0,0,0,0,0,0,0,0,0,0,0,0,2,0,0,5,0,0,2,0,0,0,0,0,0,0,0,0,0,0,0,0,0,0,0,0,0,0,0,0,0,0,0,0,0,0,0,0,0,0,0,0,0,0,0,0,0,0,0,0
0,PNC Bank,1,1,1,https://www.indeed.com/viewjob?jk=93ec1bc04379556f&fccid=b1330bfa6e5aae73&vjs=3,0,0,0,0,0,0,1,0,0,0,0,0,2,0,0,0,0,0,0,0,0,0,0,0,0,0,1,0,0,0,0,1,1,0,0,0,0,0,0,0,0,0,0,0,0,0,0,0,0,0,0,0,0,0,0,3,0,0,2,0,1,0,0,0,0,0,0,0,0,0,0,0,0,0,0,0,0,0,0,0,0,0,0,0,0,0,0,0,0,0,0,1,0,0,0,0,0,0,0,0
0,PNC Bank,1,1,1,https://www.indeed.com/viewjob?jk=3d24787bbe1e1228&fccid=b1330bfa6e5aae73&vjs=3,0,0,0,0,0,0,0,0,0,0,0,0,2,0,0,0,0,0,0,0,0,0,0,0,0,0,0,0,0,0,0,1,1,0,0,0,0,0,0,0,0,0,0,0,0,1,0,0,1,0,0,0,0,0,0,3,0,0,2,0,1,0,0,0,0,0,0,0,0,0,0,0,0,0,0,0,1,0,0,0,0,0,0,0,0,1,0,0,0,0,0,0,0,0,0,1,0,0,0,0
0,PNC Bank,1,1,1,https://www.indeed.com/viewjob?jk=c789b281bf47a162&fccid=b1330bfa6e5aae73&vjs=3,0,0,0,2,0,0,0,0,0,0,0,0,5,0,0,0,0,0,0,0,0,0,0,0,0,0,1,0,0,0,0,2,1,0,0,0,0,0,0,0,0,0,0,0,0,1,0,0,0,0,0,0,1,1,0,7,0,0,2,0,0,0,0,0,0,0,0,0,0,0,0,0,0,0,0,0,0,0,0,0,0,0,0,0,0,0,0,0,0,0,0,0,0,0,1,1,0,0,0,0
0,PNC Bank,1,1,1,https://www.indeed.com/viewjob?jk=ab727a648312f919&fccid=b1330bfa6e5aae73&vjs=3,0,1,1,0,0,0,0,1,0,0,0,0,2,0,0,0,0,0,0,0,0,0,0,0,0,0,1,0,0,0,0,1,1,0,0,0,0,0,0,0,0,0,0,0,0,0,0,0,0,0,0,0,0,1,0,7,0,0,4,0,0,0,0,0,0,0,1,0,0,0,0,0,0,0,0,0,2,0,0,0,0,0,0,0,0,0,0,0,0,0,0,0,0,0,0,0,0,0,0,0
0,PNC Bank,1,1,1,https://www.indeed.com/viewjob?jk=a49e91ade2051dba&fccid=b1330bfa6e5aae73&vjs=3,0,0,4,2,0,0,0,0,0,0,0,0,2,0,0,0,0,0,0,0,0,0,0,0,0,0,1,0,0,0,0,1,1,0,0,0,0,0,0,0,0,0,0,1,1,0,0,0,0,0,0,0,0,0,1,3,0,0,2,0,2,0,0,0,0,0,0,0,0,0,0,0,0,0,0,0,0,0,0,0,0,0,0,0,0,0,0,0,0,0,0,0,0,0,0,0,0,0,0,0
0,PNC Bank,1,1,1,https://www.indeed.com/viewjob?jk=423feea730f3061d&fccid=b1330bfa6e5aae73&vjs=3,0,0,0,0,0,0,0,0,0,0,0,1,3,0,0,0,0,0,0,0,0,0,0,0,0,0,2,0,0,0,0,1,1,0,0,0,0,0,0,0,0,0,0,0,0,0,0,0,0,0,0,0,0,0,0,3,0,0,2,0,0,0,0,0,0,0,0,1,0,0,0,0,0,0,0,0,0,0,0,0,0,0,0,0,0,0,0,0,0,0,0,0,0,0,0,0,0,0,0,0
0,PNC Bank,1,1,1,https://www.indeed.com/viewjob?jk=ae777da2182877c9&fccid=a603f1f5f232119e&vjs=3,0,0,0,0,0,0,0,0,0,0,0,0,0,0,0,0,0,2,0,0,0,0,0,0,0,0,0,0,0,0,0,4,0,0,1,0,0,0,0,0,0,0,0,1,5,0,0,0,1,0,0,0,1,0,0,1,0,0,2,0,0,0,0,0,0,0,0,0,0,0,0,0,0,0,0,0,0,0,0,0,0,0,0,0,0,0,0,0,0,0,0,0,0,0,0,0,0,0,0,0
0,PNC Bank,1,1,1,https://www.indeed.com/viewjob?jk=5cae9cc6c1057cbd&fccid=b1330bfa6e5aae73&vjs=3,1,0,0,1,0,0,0,0,0,1,0,0,2,0,0,0,0,0,0,0,0,0,0,0,0,0,0,0,0,0,0,2,1,0,0,0,0,0,0,0,1,0,0,0,0,3,0,0,0,0,0,0,0,0,0,10,0,0,4,0,0,0,0,0,0,0,0,0,0,0,0,0,0,0,0,0,0,0,0,0,0,0,0,0,0,0,0,0,0,0,0,0,0,0,0,1,0,0,0,0
0,PNC Bank,1,1,1,https://www.indeed.com/viewjob?jk=17bdc00df9b07c52&fccid=b1330bfa6e5aae73&vjs=3,0,0,0,1,0,0,0,0,0,0,0,0,2,0,0,0,0,0,0,0,0,0,0,0,1,0,0,0,0,0,0,3,1,0,0,0,0,0,0,0,0,0,0,0,0,0,0,0,1,0,0,1,0,0,0,12,0,0,14,0,0,0,2,0,0,0,0,0,0,0,0,0,0,0,0,0,0,0,0,0,0,0,0,0,0,0,0,0,0,0,0,0,0,0,0,0,0,0,0,0
0,PNC Bank,1,1,1,https://www.indeed.com/viewjob?jk=ca813ce8770db735&fccid=b1330bfa6e5aae73&vjs=3,0,3,6,0,0,0,4,0,0,0,1,0,4,0,0,0,2,0,0,0,0,0,0,0,1,0,0,0,0,0,0,2,1,0,0,0,0,0,0,0,0,0,0,0,1,3,0,0,2,0,0,0,5,0,0,4,0,0,4,0,0,0,0,0,0,0,0,2,0,0,1,0,0,0,0,0,0,0,0,0,0,0,0,0,0,0,0,0,0,0,0,0,0,0,0,0,0,0,0,0
0,PNC Bank,1,1,1,https://www.indeed.com/viewjob?jk=40d745ce5c3a2076&fccid=b1330bfa6e5aae73&vjs=3,0,3,5,0,0,0,4,0,0,0,0,0,12,0,0,0,2,0,0,0,0,0,0,0,2,0,2,0,0,0,0,1,1,0,0,0,0,0,0,0,0,0,1,0,0,3,0,0,0,0,1,0,0,0,0,2,0,0,3,0,0,0,0,0,0,0,0,2,2,0,0,0,0,0,0,0,2,0,0,0,0,0,0,0,0,0,0,0,0,0,0,0,0,0,0,0,0,0,0,0
0,PNC Bank,1,1,1,https://www.indeed.com/viewjob?jk=f1cd6bceb7d9a110&fccid=b1330bfa6e5aae73&vjs=3,0,0,0,0,0,0,1,0,0,0,3,0,4,0,0,0,0,0,0,5,0,0,0,0,0,0,2,0,0,0,0,2,1,0,0,0,0,0,0,0,0,0,0,0,0,2,0,0,0,0,0,0,0,0,0,8,0,0,3,0,0,0,0,0,0,0,0,0,0,1,0,0,0,1,0,0,0,0,0,0,0,0,0,0,0,0,0,0,0,0,0,0,0,0,0,0,0,0,0,0
0,PNC Bank,1,1,1,https://www.indeed.com/viewjob?jk=082192cb923a6fa7&fccid=b1330bfa6e5aae73&vjs=3,0,1,0,1,0,0,1,0,0,0,0,0,3,0,0,0,1,0,0,0,0,0,0,0,0,0,0,0,0,0,0,1,1,0,0,0,0,0,0,0,0,0,0,0,0,0,0,0,1,0,0,0,0,0,0,4,0,0,2,0,0,0,0,0,0,0,0,0,0,0,0,0,0,0,0,0,3,0,0,0,0,0,0,0,0,0,0,0,0,0,0,0,0,0,0,0,0,0,0,0
0,PNC Bank,1,1,1,https://www.indeed.com/viewjob?jk=0dd407bc00828ce5&fccid=b1330bfa6e5aae73&vjs=3,0,0,0,4,0,1,1,0,0,0,0,0,2,0,0,0,2,0,0,0,0,0,0,0,0,0,0,0,0,0,0,1,1,0,0,0,0,0,0,0,1,0,0,0,0,2,0,0,0,0,0,0,0,0,0,4,0,0,2,0,0,0,0,0,0,1,1,0,0,0,0,0,0,1,0,0,1,0,0,0,0,0,0,0,0,0,0,0,0,0,0,0,0,0,0,1,0,0,0,0
0,PNC Bank,1,1,1,https://www.indeed.com/viewjob?jk=e117abc5f750c509&fccid=b1330bfa6e5aae73&vjs=3,0,1,0,3,0,0,4,0,0,0,1,0,4,0,0,0,0,0,0,0,0,0,0,0,0,0,3,0,0,0,1,2,1,0,2,0,0,1,0,0,0,0,0,0,0,1,0,0,0,0,0,0,0,0,0,9,0,0,3,0,0,0,0,0,0,0,0,0,0,0,0,2,0,0,0,0,0,1,0,0,0,0,0,0,0,0,0,0,0,0,0,0,0,0,0,0,0,0,0,0
0,PNC Bank,1,1,1,https://www.indeed.com/viewjob?jk=56ee938f1fe082cf&fccid=b1330bfa6e5aae73&vjs=3,0,2,4,0,0,0,4,0,0,0,0,0,6,0,0,0,2,0,0,0,0,0,0,0,1,0,0,0,0,0,0,1,1,0,0,0,0,0,0,0,0,0,1,0,0,3,0,0,0,0,0,0,0,0,0,2,0,0,2,0,0,0,0,0,0,0,0,1,0,0,0,0,0,0,0,0,0,0,0,0,0,0,0,0,0,0,0,0,0,0,0,0,0,0,0,0,0,0,0,0
0,PNC Bank,1,1,1,https://www.indeed.com/viewjob?jk=3878761165098936&fccid=b1330bfa6e5aae73&vjs=3,2,0,1,2,0,0,0,1,0,0,0,0,2,0,0,0,0,0,0,0,0,0,0,0,0,0,0,0,0,0,0,2,1,0,0,0,0,0,0,0,0,0,0,0,0,0,0,0,0,0,0,0,0,0,0,6,0,0,2,0,0,0,0,0,0,0,0,0,0,0,0,0,0,0,0,0,0,0,0,0,0,0,0,0,0,0,0,0,0,0,0,0,0,0,0,0,0,0,0,0
0,PNC Bank,1,1,1,https://www.indeed.com/viewjob?jk=25ebe512035ae84d&fccid=b1330bfa6e5aae73&vjs=3,0,1,0,0,0,0,1,0,0,0,0,0,3,0,0,0,1,0,0,0,0,0,0,0,0,0,2,0,0,0,0,1,1,0,0,0,0,0,0,0,0,0,0,0,0,0,0,0,0,0,0,0,0,0,0,4,0,0,2,0,0,0,0,0,0,0,0,0,0,0,0,0,0,0,0,0,2,0,0,0,0,0,0,0,0,0,0,0,0,0,0,0,0,0,0,0,0,0,0,0
0,PNC Bank,1,1,1,https://www.indeed.com/viewjob?jk=0b974b1285c7dced&fccid=b1330bfa6e5aae73&vjs=3,0,1,3,0,0,0,3,0,0,1,1,0,3,0,0,0,5,0,0,0,0,0,0,0,1,0,3,0,0,0,9,7,1,0,0,0,0,0,0,0,0,2,0,0,0,3,0,0,2,0,0,0,0,0,1,8,0,0,3,0,0,0,0,0,0,0,1,1,0,0,0,0,0,0,0,0,2,0,0,0,0,0,1,0,0,0,0,0,0,0,0,0,0,0,1,0,0,0,0,0
0,PNC Bank,1,1,1,https://www.indeed.com/viewjob?jk=4bf712d1d6e6fac4&fccid=b1330bfa6e5aae73&vjs=3,0,0,0,17,0,1,0,1,0,0,0,0,2,0,0,0,0,0,0,1,0,1,0,0,0,1,0,0,0,0,0,4,0,0,0,0,0,0,0,0,2,2,0,0,0,3,0,0,1,0,0,0,0,1,0,21,0,0,2,0,0,0,1,0,0,0,0,0,0,2,0,0,0,0,0,0,1,0,0,0,0,0,0,0,0,0,0,0,1,0,0,1,0,0,0,0,0,0,0,0
0,PNC Bank,1,1,1,https://www.indeed.com/viewjob?jk=dc6a287a534f08da&fccid=b1330bfa6e5aae73&vjs=3,0,0,0,4,0,0,0,0,0,0,0,0,2,0,0,0,0,0,0,0,0,1,0,0,0,0,0,0,0,0,0,1,1,0,0,0,0,0,0,0,0,0,0,0,0,0,0,0,1,0,0,0,0,0,0,4,0,0,2,0,0,0,0,0,0,0,0,0,0,0,0,0,0,0,0,0,0,0,0,0,0,0,0,0,0,0,0,0,0,0,0,0,0,0,0,0,0,0,0,0
0,PNC Bank,1,1,1,https://www.indeed.com/viewjob?jk=171622b06e7327a6&fccid=b1330bfa6e5aae73&vjs=3,0,0,0,1,0,0,0,0,0,0,0,0,2,0,0,0,0,0,0,0,0,0,0,0,0,0,0,0,0,0,0,2,1,0,0,0,0,0,0,0,1,0,0,0,0,1,0,0,0,0,0,0,0,0,0,5,0,0,2,0,0,0,0,0,0,0,0,0,0,1,0,0,0,1,0,0,0,0,0,0,0,0,0,0,0,0,0,0,0,0,0,0,0,0,0,0,0,0,0,0
0,PNC Bank,1,1,1,https://www.indeed.com/viewjob?jk=33fd6d4777ebc45d&fccid=b1330bfa6e5aae73&vjs=3,0,3,5,0,0,0,3,1,0,0,0,0,5,0,0,0,4,0,0,0,0,0,0,0,1,0,1,0,0,0,0,3,1,0,0,0,0,0,0,0,0,0,0,0,0,2,0,0,2,0,0,0,0,0,1,3,0,0,2,0,0,0,1,0,0,0,0,1,0,0,0,0,0,0,0,0,1,0,0,0,0,0,0,0,0,0,0,0,0,0,0,0,0,0,0,0,0,0,0,0
0,PNC Bank,1,1,1,https://www.indeed.com/viewjob?jk=c51d519f41a7ce11&fccid=b1330bfa6e5aae73&vjs=3,0,0,2,0,0,0,0,1,0,0,1,0,2,0,0,0,0,0,0,0,0,0,0,0,0,0,0,0,0,0,5,7,2,0,0,0,0,0,0,0,0,0,0,0,3,0,0,0,3,0,0,0,0,0,0,9,0,0,4,0,0,0,2,0,0,0,2,2,0,1,0,0,0,0,0,0,2,0,0,0,0,0,0,0,0,1,0,0,0,0,0,0,0,0,1,0,0,0,0,0
0,PNC Bank,1,1,1,https://www.indeed.com/viewjob?jk=b6abfc53a8906438&fccid=b1330bfa6e5aae73&vjs=3,0,0,0,0,0,0,0,0,0,0,0,0,2,0,0,0,0,0,0,0,0,0,0,0,0,1,0,0,0,0,0,10,1,0,0,0,0,0,0,0,0,0,0,0,0,0,0,0,1,0,0,0,0,0,0,11,0,0,20,0,0,0,3,0,0,0,0,0,0,0,0,2,0,0,0,0,0,0,0,0,0,0,0,0,0,0,0,0,0,0,0,0,0,0,0,0,0,0,0,0
0,PNC Bank,1,1,1,https://www.indeed.com/viewjob?jk=479656f7a96cdd3b&fccid=b1330bfa6e5aae73&vjs=3,0,0,1,0,0,0,1,0,0,0,0,0,2,0,0,0,1,0,0,0,0,0,0,0,0,0,1,0,0,0,0,2,1,0,0,0,0,0,0,0,0,0,0,0,0,0,0,0,1,0,0,0,6,0,0,5,0,0,6,0,0,0,1,0,0,0,0,1,0,0,0,0,0,0,0,0,1,0,0,0,0,0,0,0,0,0,0,0,0,0,0,0,0,0,0,0,0,0,0,0
0,PNC Bank,1,1,1,https://www.indeed.com/viewjob?jk=75d4e100402544a0&fccid=b1330bfa6e5aae73&vjs=3,0,0,1,0,0,0,1,0,0,0,0,0,2,0,0,0,2,0,0,0,0,0,0,0,2,0,0,0,0,0,1,3,1,0,0,0,0,0,0,0,0,0,0,0,0,0,0,0,1,0,0,0,0,0,0,5,0,0,4,0,1,0,0,0,0,0,0,0,0,0,0,0,0,0,0,0,0,0,0,0,0,0,0,0,0,0,0,0,0,0,0,0,0,0,0,0,0,0,0,0
0,PNC Bank,1,1,1,https://www.indeed.com/viewjob?jk=9ff7b9b0be5f8987&fccid=b1330bfa6e5aae73&vjs=3,0,3,1,0,0,0,3,0,0,0,0,0,10,0,0,0,4,0,0,0,0,0,0,0,0,0,2,0,0,0,0,1,1,0,0,0,0,0,0,0,0,0,0,0,0,1,0,0,0,0,0,0,0,0,0,2,0,0,2,0,0,0,0,0,0,0,0,0,0,0,0,0,0,0,0,0,6,0,0,0,0,2,0,0,0,0,0,0,0,0,0,0,0,0,0,0,0,0,0,0
0,PNC Bank,1,1,1,https://www.indeed.com/viewjob?jk=c02ec1c4c16614cb&fccid=b1330bfa6e5aae73&vjs=3,0,3,5,0,0,0,3,0,0,0,0,0,4,0,0,0,3,0,0,0,0,0,0,0,1,0,1,0,0,0,0,3,1,0,0,0,0,0,0,0,0,0,0,0,0,4,0,0,2,0,0,0,0,0,2,6,0,0,2,0,0,0,1,0,0,0,0,1,0,0,0,0,0,0,0,0,0,0,0,0,0,0,0,0,0,0,0,0,0,0,0,0,0,0,0,0,0,0,0,0
0,PNC Bank,1,1,1,https://www.indeed.com/viewjob?jk=84b7e15020c5626f&fccid=b1330bfa6e5aae73&vjs=3,0,0,0,0,0,0,0,0,0,0,0,1,2,0,0,2,0,0,0,0,0,0,0,0,0,0,2,0,0,0,0,1,1,0,0,0,0,0,0,0,0,0,0,0,0,0,0,0,0,0,0,0,0,0,0,4,0,0,2,0,0,0,2,0,0,0,0,1,0,0,0,0,0,0,0,0,0,0,0,0,0,0,1,0,0,0,0,0,0,1,0,0,0,0,0,0,0,0,0,0
0,PNC Bank,1,1,1,https://www.indeed.com/viewjob?jk=56ee938f1fe082cf&fccid=b1330bfa6e5aae73&vjs=3,0,2,4,0,0,0,4,0,0,0,0,0,6,0,0,0,2,0,0,0,0,0,0,0,1,0,0,0,0,0,0,1,1,0,0,0,0,0,0,0,0,0,1,0,0,3,0,0,0,0,0,0,0,0,0,2,0,0,2,0,0,0,0,0,0,0,0,1,0,0,0,0,0,0,0,0,0,0,0,0,0,0,0,0,0,0,0,0,0,0,0,0,0,0,0,0,0,0,0,0
0,PNC Bank,1,1,1,https://www.indeed.com/viewjob?jk=a33a8b6b233d9a5c&fccid=b1330bfa6e5aae73&vjs=3,0,0,0,0,0,0,0,0,0,0,0,0,3,0,0,0,0,0,0,0,0,0,0,0,0,0,4,0,0,0,0,1,1,0,0,0,0,0,0,0,0,0,0,0,0,1,0,0,0,0,0,0,0,0,0,5,0,0,2,0,0,0,0,0,0,0,0,0,0,0,0,0,0,0,0,0,0,0,0,0,0,0,0,0,0,0,0,0,0,0,0,0,0,0,0,0,0,0,0,0
0,PNC Bank,1,1,1,https://www.indeed.com/viewjob?jk=f5c03a9bebcd21ae&fccid=b1330bfa6e5aae73&vjs=3,0,0,0,3,0,0,0,1,0,0,0,0,2,0,0,0,0,0,0,0,0,0,0,0,0,0,1,0,0,0,0,3,1,0,0,0,0,0,0,0,0,0,0,0,0,2,0,0,1,0,0,0,0,1,0,12,0,0,2,0,0,0,0,0,0,0,0,0,0,0,0,0,0,0,0,0,0,0,0,0,0,0,0,0,0,0,0,0,0,0,0,0,0,0,0,1,0,1,0,0
0,PNC Bank,1,1,1,https://www.indeed.com/viewjob?jk=8bd85ab3ff5ce6ca&fccid=b1330bfa6e5aae73&vjs=3,0,3,4,0,0,0,3,0,0,0,0,0,7,0,0,0,2,0,0,0,0,0,0,0,1,0,0,0,0,0,0,1,3,0,0,0,0,0,0,0,0,0,0,1,0,2,0,0,0,0,0,0,0,0,0,2,0,0,2,0,0,0,1,0,0,0,0,1,0,0,0,0,0,0,0,0,0,0,0,0,0,0,1,0,0,0,0,0,0,0,0,0,0,0,0,0,0,0,0,0
0,PNC Bank,1,1,1,https://www.indeed.com/viewjob?jk=e164ccd937d1944f&fccid=b1330bfa6e5aae73&vjs=3,1,0,1,1,0,0,0,0,0,0,0,0,2,0,0,0,0,0,0,0,0,0,0,0,0,0,0,0,0,0,0,1,1,0,0,0,0,0,0,0,0,0,0,0,0,0,0,0,1,0,0,0,0,0,0,7,0,0,3,0,0,0,0,0,0,0,0,0,0,0,0,0,0,0,0,0,0,0,0,0,0,0,0,0,0,0,0,0,0,0,0,0,0,0,0,0,0,0,0,0
0,PNC Bank,1,1,1,https://www.indeed.com/viewjob?jk=5424ef37571994c3&fccid=b1330bfa6e5aae73&vjs=3,0,0,0,1,0,0,1,0,0,0,0,0,2,0,0,0,1,0,0,0,0,0,0,0,0,0,2,0,0,0,0,1,1,0,0,0,0,0,0,0,0,0,0,0,0,0,0,0,0,0,0,0,1,0,0,7,0,0,2,0,0,0,0,0,0,0,0,0,0,0,0,0,0,0,0,0,2,0,0,0,0,0,0,0,0,0,0,0,0,0,0,0,0,0,0,0,0,0,0,0
0,PNC Bank,1,1,1,https://www.indeed.com/viewjob?jk=6081f9a345dc104d&fccid=b1330bfa6e5aae73&vjs=3,0,2,1,0,0,0,3,0,0,0,0,0,11,0,0,0,3,0,0,0,0,0,0,0,0,0,2,0,0,0,0,1,1,0,0,0,0,0,0,0,0,0,0,0,0,0,0,0,0,0,0,0,0,0,0,2,0,0,2,1,0,0,0,0,0,0,0,0,2,0,0,0,0,0,0,0,5,0,0,0,0,0,0,0,0,0,0,0,0,0,0,0,0,0,1,0,0,0,0,0
0,PNC Bank,1,1,1,https://www.indeed.com/viewjob?jk=b71fd246f3f23c82&fccid=b1330bfa6e5aae73&vjs=3,0,3,3,0,0,0,2,0,0,0,2,0,7,0,0,0,2,0,0,0,0,0,0,0,1,0,0,0,0,0,0,3,1,0,0,0,0,0,0,0,0,0,0,0,0,2,0,0,1,0,0,0,5,1,0,4,0,0,3,0,0,0,0,0,0,0,0,2,0,0,1,0,0,0,0,0,0,0,0,0,0,0,0,0,0,0,0,0,0,0,0,1,0,0,1,0,0,0,0,0
0,PNC Bank,1,1,1,https://www.indeed.com/viewjob?jk=f073acabb96263c9&fccid=b1330bfa6e5aae73&vjs=3,0,2,4,0,0,0,2,0,0,0,2,0,5,0,0,0,2,0,0,0,0,0,0,0,1,0,0,0,0,0,0,3,1,1,0,0,0,0,0,0,0,1,0,0,0,2,0,0,3,0,0,0,1,1,0,4,0,0,4,0,0,0,0,0,0,0,0,2,0,0,1,0,0,0,0,0,0,0,0,0,0,0,0,0,0,0,0,0,0,1,0,1,0,0,0,0,0,0,0,0
0,PNC Bank,1,1,1,https://www.indeed.com/viewjob?jk=9892610a6dd18fd6&fccid=8a2cab955e2c8fd5&vjs=3,0,0,5,1,0,0,0,0,0,0,0,0,0,0,0,0,1,0,0,0,0,0,0,0,0,0,0,0,0,2,2,0,0,0,0,0,0,0,0,0,2,0,1,0,0,0,0,0,0,0,0,0,0,0,0,1,0,0,0,1,0,0,0,0,0,0,0,0,0,0,0,0,0,0,0,0,0,0,0,0,0,0,0,0,0,0,0,0,0,1,0,0,0,0,0,0,0,0,0,0
0,PNC Bank,1,1,1,https://www.indeed.com/viewjob?jk=d8aa6997f3533dd9&fccid=b1330bfa6e5aae73&vjs=3,0,0,0,0,0,0,0,0,0,0,0,0,2,0,0,0,0,0,0,0,0,3,0,0,0,0,0,0,0,0,0,3,1,0,0,0,1,0,0,0,0,0,0,0,0,1,0,0,0,0,0,0,0,0,0,7,0,0,2,0,0,0,0,0,0,0,0,0,0,0,0,0,0,0,0,0,0,0,0,0,0,0,1,0,0,0,0,0,0,0,0,0,0,0,0,1,0,0,0,0
0,PNC Bank,1,1,1,https://www.indeed.com/viewjob?jk=e363ea99646529c0&fccid=b1330bfa6e5aae73&vjs=3,0,2,8,0,0,0,4,1,0,0,0,4,4,0,0,0,2,0,0,0,0,0,0,0,1,0,1,0,0,0,8,1,0,0,0,0,0,0,0,0,0,0,0,0,0,2,0,0,0,0,0,0,0,1,0,7,0,0,2,0,0,0,0,0,0,0,0,2,0,0,0,0,0,1,0,0,1,0,0,0,0,0,0,0,0,0,0,0,0,1,0,0,0,0,1,0,0,0,0,0
0,PNC Bank,1,1,1,https://www.indeed.com/viewjob?jk=1be39a6b48242f0e&fccid=b1330bfa6e5aae73&vjs=3,0,0,0,0,0,0,0,1,0,0,0,0,2,0,0,0,0,0,0,0,0,0,0,0,0,0,0,0,0,0,0,1,1,0,2,0,0,0,0,0,0,0,0,0,0,0,0,0,0,0,0,0,0,0,0,8,0,0,4,0,0,0,1,0,0,0,0,0,0,0,0,0,0,0,0,0,0,0,0,0,0,0,1,0,0,0,0,0,0,0,0,1,0,0,0,0,0,0,0,0
0,PNC Bank,1,1,1,https://www.indeed.com/viewjob?jk=a2040a444769f457&fccid=b1330bfa6e5aae73&vjs=3,0,2,4,0,0,0,2,0,0,0,2,0,5,0,0,0,2,0,0,0,0,0,0,0,1,0,0,0,0,0,0,3,1,1,0,0,0,0,0,0,0,1,0,0,0,2,0,0,3,0,0,0,1,1,0,4,0,0,4,0,0,0,0,0,0,0,0,2,0,0,1,0,0,0,0,0,0,0,0,0,0,0,0,0,0,0,0,0,0,1,0,1,0,0,0,0,0,0,0,0
0,PNC Bank,1,1,1,https://www.indeed.com/viewjob?jk=3e183fb7b30a07ea&fccid=50bf9fcf24349f73&vjs=3,0,0,0,0,0,0,0,0,0,0,1,0,0,0,0,0,0,0,0,0,0,0,0,0,0,0,0,0,0,1,1,0,0,0,0,0,0,0,0,0,0,0,0,0,1,0,0,0,0,0,0,0,0,0,0,0,0,0,0,0,0,0,0,0,0,0,0,0,0,0,0,0,0,0,0,0,0,0,0,0,0,0,0,0,0,0,0,0,0,0,0,0,0,0,0,0,0,0,0,0
0,PNC Bank,1,1,1,https://www.indeed.com/viewjob?jk=a2251570eb92cfad&fccid=b1330bfa6e5aae73&vjs=3,0,2,3,0,0,0,4,0,0,0,0,0,10,0,0,0,4,0,0,0,0,0,0,0,2,0,0,0,0,0,0,2,1,0,0,0,0,0,0,0,0,0,0,0,1,3,0,0,0,0,0,0,0,0,1,6,0,0,2,0,0,0,0,0,0,0,0,2,4,0,0,0,0,0,0,0,0,0,0,0,0,0,0,0,0,0,0,0,0,0,0,0,0,0,2,0,0,0,0,0
0,PNC Bank,1,1,1,https://www.indeed.com/viewjob?jk=9096494a122ff5b9&fccid=b1330bfa6e5aae73&vjs=3,0,0,0,1,0,1,0,0,0,0,0,0,2,0,0,0,0,0,0,0,0,0,0,0,0,0,0,0,0,0,0,3,1,0,0,0,0,0,0,0,1,0,0,1,0,0,0,0,1,0,0,0,0,0,0,3,0,0,2,0,0,0,0,0,0,0,0,0,0,0,0,0,0,0,0,0,1,0,0,0,0,0,0,0,0,1,0,0,0,0,0,0,0,0,0,0,0,0,0,0
0,PNC Bank,1,1,1,https://www.indeed.com/viewjob?jk=15314a90ac862b99&fccid=b1330bfa6e5aae73&vjs=3,0,0,0,0,0,0,0,1,0,0,0,0,2,0,0,0,0,0,0,0,0,0,0,0,0,0,0,0,0,0,0,2,1,0,0,0,0,0,0,0,3,0,0,0,0,0,0,0,1,0,0,0,0,2,0,10,0,0,2,0,0,0,1,0,0,0,0,0,0,0,0,0,0,0,0,0,2,0,0,0,0,0,0,0,0,0,0,0,0,1,0,1,0,0,0,0,0,0,0,0
0,PNC Bank,1,1,1,https://www.indeed.com/viewjob?jk=eb24086c28ccd073&fccid=b1330bfa6e5aae73&vjs=3,0,1,0,0,0,0,1,0,0,0,0,0,4,0,0,0,1,0,0,0,0,0,0,0,0,0,2,0,0,0,0,2,1,0,0,0,0,0,0,0,0,0,0,0,0,1,0,0,0,0,0,0,0,0,0,3,0,0,2,0,0,0,0,0,0,0,0,0,0,0,0,0,0,0,0,0,3,0,0,0,0,0,0,0,0,0,0,0,0,0,0,0,0,0,0,0,0,0,0,0
0,PNC Bank,1,1,1,https://www.indeed.com/viewjob?jk=b962642a65b4d5fe&fccid=b1330bfa6e5aae73&vjs=3,0,2,2,0,0,0,0,0,0,0,3,0,3,0,0,0,1,0,0,0,0,0,0,0,3,0,0,0,0,0,0,1,1,0,0,0,0,0,0,0,1,0,0,0,0,2,0,0,0,0,1,0,0,1,0,10,0,0,2,1,0,0,1,0,0,0,0,1,0,0,1,0,0,0,0,0,0,0,0,0,0,0,0,0,0,0,0,0,0,0,0,1,0,0,0,0,0,0,0,0
0,PNC Bank,1,1,1,https://www.indeed.com/viewjob?jk=b9f8f0184df42d67&fccid=b1330bfa6e5aae73&vjs=3,0,1,4,0,0,0,2,0,0,0,0,0,4,0,0,0,2,0,0,0,0,0,0,0,2,0,1,0,0,0,0,2,1,0,0,0,0,0,0,0,0,0,1,0,0,3,0,0,0,0,0,0,0,0,0,6,0,0,3,1,0,0,0,0,0,0,0,2,0,0,0,0,0,0,0,0,0,0,0,0,0,0,0,0,0,0,0,0,0,0,0,0,0,0,0,0,0,0,0,0
0,PNC Bank,1,1,1,https://www.indeed.com/viewjob?jk=8e6adbfc6fa30f9a&fccid=b1330bfa6e5aae73&vjs=3,0,0,0,0,0,0,0,1,0,0,0,0,2,0,0,0,0,0,0,0,0,1,0,0,0,0,0,0,0,0,0,1,2,0,0,0,0,0,0,0,0,0,0,0,0,0,0,0,0,0,0,0,0,0,0,8,0,0,4,0,0,0,1,0,0,0,0,0,0,0,0,0,0,0,0,0,0,0,0,0,0,0,1,0,0,0,0,0,0,0,0,1,0,0,0,0,0,0,0,0
0,PNC Bank,1,1,1,https://www.indeed.com/viewjob?jk=87b65b532680721a&fccid=b1330bfa6e5aae73&vjs=3,0,3,1,0,0,0,3,0,0,0,0,0,10,0,0,0,4,0,0,0,0,0,0,0,1,0,2,0,0,0,0,1,0,0,0,0,0,0,0,0,4,0,0,0,0,1,0,0,0,0,0,0,0,0,0,2,0,0,2,1,0,0,0,0,0,0,0,0,0,0,1,0,0,0,0,0,6,0,0,0,0,2,0,0,0,0,0,0,0,0,0,0,0,0,0,0,0,1,0,0
0,PNC Bank,1,1,1,https://www.indeed.com/viewjob?jk=2429ea2fd1d57ad7&fccid=b1330bfa6e5aae73&vjs=3,0,0,1,0,0,0,1,0,0,0,0,0,3,0,0,0,1,0,0,1,0,0,0,0,0,0,1,0,0,0,0,1,1,0,0,0,0,0,0,0,0,0,0,0,0,1,0,0,0,0,0,0,0,0,0,6,0,0,2,0,0,0,0,0,0,0,0,0,0,0,0,0,0,0,0,0,1,0,0,0,0,0,0,0,0,0,0,0,0,0,0,0,0,0,0,1,0,0,0,0
0,PNC Bank,1,1,1,https://www.indeed.com/viewjob?jk=cef1733bfb898c0c&fccid=b1330bfa6e5aae73&vjs=3,0,1,1,1,0,0,0,0,0,0,3,0,2,0,0,0,0,0,0,0,0,0,0,0,0,0,0,0,0,1,0,3,2,0,0,0,0,0,0,0,0,0,0,0,0,0,0,0,1,0,0,0,4,0,0,5,0,0,4,0,0,0,1,0,0,0,1,1,0,0,0,0,0,0,0,0,0,0,0,0,0,0,0,0,0,0,0,0,0,0,0,0,0,0,0,0,0,0,2,0
0,PNC Bank,1,1,1,https://www.indeed.com/viewjob?jk=15670aa28ac1d07f&fccid=b1330bfa6e5aae73&vjs=3,0,1,0,1,0,0,1,0,0,0,0,0,3,0,0,0,1,0,0,0,0,0,0,0,0,0,0,0,0,0,0,1,1,0,2,0,0,0,0,0,0,0,0,0,0,0,0,0,1,0,0,0,0,0,0,4,0,0,2,0,0,0,0,0,0,0,0,0,0,0,0,0,0,0,0,0,4,0,0,0,0,0,0,0,0,0,0,0,0,0,0,0,0,0,0,0,0,0,0,0
0,PNC Bank,1,1,1,https://www.indeed.com/viewjob?jk=0e8b3a6eb5bd6e27&fccid=b1330bfa6e5aae73&vjs=3,0,0,0,0,0,0,1,0,0,0,0,0,3,0,0,0,0,0,0,0,0,0,0,0,0,0,0,0,0,0,0,1,1,0,0,0,0,0,0,0,0,0,0,0,0,0,0,0,0,0,0,0,0,0,0,3,0,0,4,0,0,0,0,0,0,0,0,0,0,0,0,0,0,0,0,0,0,0,0,0,0,0,0,0,0,0,0,0,0,0,0,0,0,0,0,0,0,0,0,0
0,PNC Bank,1,1,1,https://www.indeed.com/viewjob?jk=e164ccd937d1944f&fccid=b1330bfa6e5aae73&vjs=3,1,0,1,1,0,0,0,0,0,0,0,0,2,0,0,0,0,0,0,0,0,0,0,0,0,0,0,0,0,0,0,1,1,0,0,0,0,0,0,0,0,0,0,0,0,0,0,0,1,0,0,0,0,0,0,7,0,0,3,0,0,0,0,0,0,0,0,0,0,0,0,0,0,0,0,0,0,0,0,0,0,0,0,0,0,0,0,0,0,0,0,0,0,0,0,0,0,0,0,0
0,PNC Bank,1,1,1,https://www.indeed.com/viewjob?jk=8c183272e62d9c7a&fccid=b1330bfa6e5aae73&vjs=3,0,0,0,1,0,0,0,1,0,0,0,0,2,0,0,0,0,0,0,0,0,0,0,0,0,0,0,0,0,0,0,1,1,0,0,0,0,0,0,0,1,0,0,0,0,0,0,0,1,0,0,0,0,0,0,16,0,0,3,0,0,0,1,0,0,0,0,0,0,1,0,0,0,0,0,0,0,0,0,0,0,0,0,0,0,0,0,0,0,2,0,0,0,0,0,0,0,0,0,0
0,PNC Bank,1,1,1,https://www.indeed.com/viewjob?jk=8eb148707d5c671b&fccid=b1330bfa6e5aae73&vjs=3,0,3,3,0,0,0,3,0,0,0,2,0,5,0,0,0,2,0,0,0,0,0,0,0,1,0,0,0,0,0,0,3,1,0,0,0,0,0,0,0,0,0,0,0,1,2,0,0,1,0,0,0,0,0,0,6,0,0,3,0,0,0,0,0,0,0,0,1,0,0,1,0,0,0,0,0,0,0,0,0,0,0,0,0,0,0,0,0,0,0,0,0,0,0,0,0,0,0,0,0
0,PNC Bank,1,1,1,https://www.indeed.com/viewjob?jk=9e0ad32ca2feb11d&fccid=b1330bfa6e5aae73&vjs=3,0,0,7,2,0,0,0,1,0,0,0,0,2,0,0,0,0,0,0,0,0,0,0,0,0,0,0,0,0,0,0,4,1,0,0,0,0,0,0,0,0,0,0,0,0,0,0,0,1,0,0,0,0,1,0,8,0,0,4,0,0,0,0,0,0,0,0,0,0,0,0,0,0,0,0,0,0,0,0,0,0,0,0,0,0,0,0,0,0,0,0,0,0,0,2,0,0,0,0,0
0,PNC Bank,1,1,1,https://www.indeed.com/viewjob?jk=cf3eadca9708b2fe&fccid=b1330bfa6e5aae73&vjs=3,0,1,2,0,0,0,0,0,0,0,3,0,3,0,0,0,1,0,0,0,0,0,0,0,3,0,0,0,0,0,0,3,1,0,0,0,0,0,0,0,1,0,0,0,0,3,0,0,0,0,1,0,0,1,0,12,0,0,2,1,0,0,1,0,0,0,0,1,0,0,1,0,0,1,0,0,0,0,0,0,0,0,0,0,0,0,0,0,0,0,0,1,0,0,0,0,0,0,0,0
0,PNC Bank,1,1,1,https://www.indeed.com/viewjob?jk=d8aa6997f3533dd9&fccid=b1330bfa6e5aae73&vjs=3,0,0,0,0,0,0,0,0,0,0,0,0,2,0,0,0,0,0,0,0,0,3,0,0,0,0,0,0,0,0,0,3,1,0,0,0,1,0,0,0,0,0,0,0,0,1,0,0,0,0,0,0,0,0,0,7,0,0,2,0,0,0,0,0,0,0,0,0,0,0,0,0,0,0,0,0,0,0,0,0,0,0,1,0,0,0,0,0,0,0,0,0,0,0,0,1,0,0,0,0
0,PNC Bank,1,1,1,https://www.indeed.com/viewjob?jk=171622b06e7327a6&fccid=b1330bfa6e5aae73&vjs=3,0,0,0,1,0,0,0,0,0,0,0,0,2,0,0,0,0,0,0,0,0,0,0,0,0,0,0,0,0,0,0,2,1,0,0,0,0,0,0,0,1,0,0,0,0,1,0,0,0,0,0,0,0,0,0,5,0,0,2,0,0,0,0,0,0,0,0,0,0,1,0,0,0,1,0,0,0,0,0,0,0,0,0,0,0,0,0,0,0,0,0,0,0,0,0,0,0,0,0,0
0,PNC Bank,1,1,1,https://www.indeed.com/viewjob?jk=3938e7c66e9a38ec&fccid=b794549aa9cf4e29&vjs=3,0,0,0,0,0,0,0,0,0,0,0,0,0,0,0,0,0,0,0,0,0,0,0,0,0,0,0,0,0,0,0,0,0,0,0,0,0,0,0,0,0,0,0,0,0,0,0,0,0,0,0,0,0,0,0,0,0,0,0,0,0,0,0,0,0,0,0,0,0,0,0,0,0,0,0,0,0,0,0,0,0,0,0,0,0,0,0,0,0,0,0,0,0,0,0,0,0,0,0,0
0,PNC Bank,1,1,1,https://www.indeed.com/viewjob?jk=6605637571c624b0&fccid=b1330bfa6e5aae73&vjs=3,0,1,2,0,0,0,3,1,0,0,1,0,4,0,0,0,3,0,0,0,0,1,0,0,1,0,0,0,0,0,0,5,1,0,0,0,0,0,0,0,0,0,0,1,2,1,0,0,0,0,0,0,0,0,0,5,0,0,3,1,0,0,0,0,0,0,0,2,0,0,0,0,0,0,0,0,0,0,0,0,0,0,0,0,0,0,0,0,0,0,0,0,0,0,0,0,0,0,0,0
0,PNC Bank,1,1,1,https://www.indeed.com/viewjob?jk=84e4c8cacc3c51f5&fccid=b1330bfa6e5aae73&vjs=3,0,0,2,0,0,0,0,0,0,0,1,0,6,0,1,0,2,0,0,0,0,0,0,0,0,0,6,0,0,0,0,6,0,0,0,0,0,0,0,0,2,0,0,0,0,1,0,0,1,0,0,1,0,1,0,9,0,0,2,0,0,0,1,0,0,0,0,1,0,0,0,2,0,0,0,0,2,0,0,0,0,0,0,0,0,0,0,0,0,0,0,0,0,0,0,0,0,0,0,0
0,PNC Bank,1,1,1,https://www.indeed.com/viewjob?jk=2486a211cec06a3b&fccid=b1330bfa6e5aae73&vjs=3,0,2,1,0,0,0,3,0,0,0,0,0,11,0,0,0,3,0,0,0,0,0,0,0,0,0,2,0,0,0,0,1,1,0,0,0,0,0,0,0,0,0,0,0,0,0,0,0,0,0,0,0,0,0,0,2,0,0,2,1,0,0,0,0,0,0,0,0,2,0,0,0,0,0,0,0,5,0,0,0,0,0,0,0,0,0,0,0,0,0,0,0,0,0,1,0,0,0,0,0
0,PNC Bank,1,1,1,https://www.indeed.com/viewjob?jk=d9cfbd1ee336416c&fccid=b1330bfa6e5aae73&vjs=3,0,2,2,0,0,0,3,0,0,0,0,0,4,0,0,0,3,0,0,0,0,0,0,0,1,0,1,0,0,0,0,4,1,0,0,0,0,0,0,0,1,0,0,0,0,1,0,0,0,0,0,0,0,0,0,6,0,0,4,1,0,0,0,0,0,0,0,1,0,0,0,0,0,0,0,0,4,0,0,0,0,0,0,0,0,0,0,0,0,0,0,0,0,0,0,0,0,0,2,0
0,PNC Bank,1,1,1,https://www.indeed.com/viewjob?jk=3a21c6015d556fd0&fccid=b1330bfa6e5aae73&vjs=3,0,0,0,1,0,0,0,1,0,0,0,0,2,0,0,0,0,0,0,0,0,0,0,0,0,0,0,0,0,0,0,1,1,0,0,0,0,0,0,0,1,0,0,0,0,0,0,0,1,0,0,0,0,0,0,16,0,0,3,0,0,0,1,0,0,0,0,0,0,1,0,0,0,0,0,0,0,0,0,0,0,0,0,0,0,0,0,0,0,2,0,0,0,0,0,0,0,0,0,0
0,PNC Bank,1,1,1,https://www.indeed.com/viewjob?jk=a85a4bfd55193144&fccid=b1330bfa6e5aae73&vjs=3,0,0,0,1,0,0,0,0,0,0,0,0,2,0,0,0,0,0,0,0,0,0,0,0,0,0,0,0,0,0,3,2,1,0,0,0,0,0,0,0,0,0,0,0,0,0,0,0,3,0,0,0,0,0,0,4,0,0,2,0,0,0,1,0,0,0,0,0,0,0,0,0,0,0,0,0,0,0,0,0,0,0,0,0,0,0,0,0,0,0,0,0,0,0,0,0,0,0,0,0
0,PNC Bank,1,1,1,https://www.indeed.com/viewjob?jk=ff75aea7e942d55d&fccid=b1330bfa6e5aae73&vjs=3,0,2,8,0,0,0,4,1,0,0,0,4,4,0,0,0,2,0,0,0,0,0,0,0,1,0,1,0,0,0,8,1,0,0,0,0,0,0,0,0,0,0,0,0,0,2,0,0,0,0,0,0,0,1,0,7,0,0,2,0,0,0,0,0,0,0,0,2,0,0,0,0,0,1,0,0,1,0,0,0,0,0,0,0,0,0,0,0,0,1,0,0,0,0,1,0,0,0,0,0
0,PNC Bank,1,1,1,https://www.indeed.com/viewjob?jk=a2040a444769f457&fccid=b1330bfa6e5aae73&vjs=3,0,2,4,0,0,0,2,0,0,0,2,0,5,0,0,0,2,0,0,0,0,0,0,0,1,0,0,0,0,0,0,3,1,1,0,0,0,0,0,0,0,1,0,0,0,2,0,0,3,0,0,0,1,1,0,4,0,0,4,0,0,0,0,0,0,0,0,2,0,0,1,0,0,0,0,0,0,0,0,0,0,0,0,0,0,0,0,0,0,1,0,1,0,0,0,0,0,0,0,0
0,PNC Bank,1,1,1,https://www.indeed.com/viewjob?jk=0e8b3a6eb5bd6e27&fccid=b1330bfa6e5aae73&vjs=3,0,0,0,0,0,0,1,0,0,0,0,0,3,0,0,0,0,0,0,0,0,0,0,0,0,0,0,0,0,0,0,1,1,0,0,0,0,0,0,0,0,0,0,0,0,0,0,0,0,0,0,0,0,0,0,3,0,0,4,0,0,0,0,0,0,0,0,0,0,0,0,0,0,0,0,0,0,0,0,0,0,0,0,0,0,0,0,0,0,0,0,0,0,0,0,0,0,0,0,0
0,PNC Bank,1,1,1,https://www.indeed.com/viewjob?jk=3f6ee6722ecee14f&fccid=b1330bfa6e5aae73&vjs=3,0,0,2,3,0,0,0,0,0,0,0,0,2,0,0,0,0,0,0,1,0,1,0,0,0,0,7,0,0,0,0,1,0,0,0,0,0,0,0,0,2,0,0,0,0,0,0,0,3,0,0,0,0,1,1,7,0,0,2,0,0,0,1,0,0,0,0,0,0,0,0,1,0,0,0,0,0,0,0,3,0,0,0,0,0,0,1,0,1,3,0,0,0,0,1,0,0,0,0,0
0,PNC Bank,1,1,1,https://www.indeed.com/viewjob?jk=79c6f1bdd749e207&fccid=b1330bfa6e5aae73&vjs=3,0,4,4,0,0,0,4,0,0,0,0,0,11,0,0,0,5,0,0,0,0,0,0,0,2,0,1,0,0,0,0,1,1,0,0,0,0,0,0,0,1,1,0,0,0,1,0,0,0,0,0,0,0,0,0,3,0,0,2,0,0,0,0,0,0,1,0,1,2,0,0,0,0,0,0,0,0,0,0,0,0,0,0,0,0,0,0,0,0,0,0,0,0,0,0,0,0,0,0,0
0,PNC Bank,1,1,1,https://www.indeed.com/viewjob?jk=48de38ed1da377a7&fccid=b1330bfa6e5aae73&vjs=3,0,0,0,0,0,0,1,1,0,0,0,0,2,0,0,0,0,0,0,0,0,0,0,0,0,0,0,0,0,0,0,3,1,0,0,0,0,0,0,0,1,1,0,0,0,1,0,0,0,0,0,0,0,1,0,4,0,0,3,1,0,0,0,0,0,0,0,1,0,0,0,0,0,0,0,0,0,0,0,0,0,0,0,0,0,0,0,0,0,0,0,0,0,0,0,0,0,0,0,0
0,PNC Bank,1,1,1,https://www.indeed.com/viewjob?jk=fcdfc68377338b1e&fccid=bd00027445f1a6d0&vjs=3,0,0,0,0,0,0,0,1,0,0,0,0,0,0,0,0,0,0,0,0,0,0,0,0,0,0,0,0,0,0,0,0,0,0,0,0,0,0,0,0,0,0,0,0,0,0,0,0,0,0,1,0,0,0,0,0,0,0,0,0,0,1,0,0,0,0,0,0,0,0,0,0,0,0,0,0,0,1,0,0,0,0,0,0,0,0,0,0,0,2,0,1,0,0,0,0,0,0,0,0
0,PNC Bank,1,1,1,https://www.indeed.com/viewjob?jk=f1cd6bceb7d9a110&fccid=b1330bfa6e5aae73&vjs=3,0,0,0,0,0,0,1,0,0,0,3,0,4,0,0,0,0,0,0,5,0,0,0,0,0,0,2,0,0,0,0,2,1,0,0,0,0,0,0,0,0,0,0,0,0,2,0,0,0,0,0,0,0,0,0,8,0,0,3,0,0,0,0,0,0,0,0,0,0,1,0,0,0,1,0,0,0,0,0,0,0,0,0,0,0,0,0,0,0,0,0,0,0,0,0,0,0,0,0,0
0,PNC Bank,1,1,1,https://www.indeed.com/viewjob?jk=338252cd61b265d6&fccid=b1330bfa6e5aae73&vjs=3,0,1,0,0,0,0,1,0,0,0,4,0,2,0,0,0,1,0,0,0,0,0,0,0,0,0,0,0,0,0,0,2,1,0,0,0,0,0,0,0,0,1,0,0,0,0,0,0,0,0,0,0,0,1,0,4,0,0,2,0,0,0,0,0,0,0,0,0,0,0,1,0,0,0,0,0,0,0,0,0,0,0,0,0,0,2,0,0,0,0,0,1,0,0,0,0,0,0,0,0
0,PNC Bank,1,1,1,https://www.indeed.com/viewjob?jk=119776e07f7b051e&fccid=b1330bfa6e5aae73&vjs=3,0,0,0,0,0,0,0,0,0,0,0,0,2,0,0,0,0,0,0,0,0,0,0,0,0,0,0,0,0,0,0,2,1,0,0,0,0,0,0,0,0,0,0,0,0,0,0,0,0,0,0,0,0,1,0,5,0,0,2,1,0,0,0,0,0,0,0,0,0,0,0,0,0,0,0,0,0,0,0,0,0,0,0,0,0,0,0,0,0,0,0,0,0,0,0,0,0,0,0,0
0,PNC Bank,1,1,1,https://www.indeed.com/viewjob?jk=a962fbcb22a7d337&fccid=b1330bfa6e5aae73&vjs=3,0,0,4,1,0,0,1,0,0,0,0,0,3,0,0,0,1,0,0,0,0,0,0,0,1,0,2,0,0,0,0,3,0,0,0,0,0,0,0,0,0,1,1,0,0,0,0,0,1,0,0,0,4,1,0,15,0,0,10,0,0,0,2,0,0,0,0,0,0,1,0,0,0,0,0,0,0,0,0,0,0,0,0,0,0,0,0,0,0,0,0,0,0,0,0,0,0,0,0,0
0,PNC Bank,1,1,1,https://www.indeed.com/viewjob?jk=e0a09975940040ff&fccid=b1330bfa6e5aae73&vjs=3,0,2,4,0,0,0,4,0,0,0,0,0,5,0,0,0,2,0,0,0,0,0,0,0,1,0,0,0,0,0,0,1,1,0,0,0,0,0,0,0,0,0,1,0,0,3,0,0,0,0,0,0,0,0,0,2,0,0,2,0,0,0,0,0,0,0,0,1,0,0,0,0,0,0,0,0,0,0,0,0,0,0,0,0,0,0,0,0,0,0,0,0,0,0,0,0,0,0,0,0
0,PNC Bank,1,1,1,https://www.indeed.com/viewjob?jk=7b207474f99c3020&fccid=b1330bfa6e5aae73&vjs=3,0,0,0,1,0,1,0,0,0,0,0,0,2,0,0,0,0,0,0,0,0,0,0,0,0,0,0,0,0,0,0,1,1,0,0,0,0,0,0,0,0,0,0,0,0,3,0,0,0,0,0,0,0,0,0,3,0,0,2,0,0,0,0,0,0,0,0,0,0,0,0,0,0,1,0,0,1,0,0,0,0,0,0,0,0,0,0,0,0,0,0,0,0,0,0,1,0,0,0,0
0,PNC Bank,1,1,1,https://www.indeed.com/viewjob?jk=797b36c78755f92b&fccid=b1330bfa6e5aae73&vjs=3,0,0,1,0,0,0,1,0,0,1,1,0,3,0,0,0,4,0,0,0,0,0,0,0,0,0,1,0,0,0,13,5,1,0,0,0,0,0,0,0,1,2,0,0,0,0,0,0,0,0,0,0,0,0,0,4,0,0,3,0,0,0,0,0,0,0,0,0,0,0,0,0,0,0,0,0,1,0,0,0,0,0,0,0,0,0,0,0,0,0,0,0,0,0,1,0,0,0,1,0
0,PNC Bank,1,1,1,https://www.indeed.com/viewjob?jk=9e3381a0b2420258&fccid=b1330bfa6e5aae73&vjs=3,0,0,0,1,0,0,0,0,0,0,0,0,2,0,0,0,0,0,0,0,0,0,0,0,0,0,0,0,0,0,0,2,1,0,0,0,0,0,0,0,1,0,0,0,0,1,0,0,1,0,0,0,0,0,0,6,0,0,2,0,0,0,0,0,0,0,0,0,0,1,0,0,0,1,0,0,0,0,0,0,0,0,0,0,0,0,0,0,0,0,0,0,0,0,0,0,0,0,0,0
0,PNC Bank,1,1,1,https://www.indeed.com/viewjob?jk=5cae9cc6c1057cbd&fccid=b1330bfa6e5aae73&vjs=3,1,0,0,1,0,0,0,0,0,1,0,0,2,0,0,0,0,0,0,0,0,0,0,0,0,0,0,0,0,0,0,2,1,0,0,0,0,0,0,0,1,0,0,0,0,3,0,0,0,0,0,0,0,0,0,10,0,0,4,0,0,0,0,0,0,0,0,0,0,0,0,0,0,0,0,0,0,0,0,0,0,0,0,0,0,0,0,0,0,0,0,0,0,0,0,1,0,0,0,0
0,PNC Bank,1,1,1,https://www.indeed.com/viewjob?jk=d7d65b672765aaba&fccid=b1330bfa6e5aae73&vjs=3,0,3,6,0,0,0,4,0,0,0,1,0,4,0,0,0,2,0,0,0,0,0,0,0,1,0,0,0,0,0,0,2,1,0,0,0,0,0,0,0,0,0,0,0,1,3,0,0,1,0,0,0,6,1,0,3,0,0,4,0,0,0,0,0,0,0,0,2,0,0,0,0,0,0,0,0,0,0,0,0,0,0,0,0,0,0,0,0,0,0,0,0,0,0,0,0,0,0,0,0
0,PNC Bank,1,1,1,https://www.indeed.com/viewjob?jk=873f9b94f71be580&fccid=b1330bfa6e5aae73&vjs=3,0,0,0,4,0,0,1,0,0,0,0,0,2,0,0,0,0,0,0,0,0,0,0,0,0,0,0,0,0,0,0,1,1,0,0,0,0,0,0,0,0,0,0,0,0,2,0,0,1,0,0,0,0,0,0,3,0,0,2,0,0,0,0,0,0,0,0,1,0,0,0,0,0,1,0,0,1,0,0,0,0,0,0,0,0,0,0,0,0,0,0,0,0,0,0,1,0,0,0,0
0,PNC Bank,1,1,1,https://www.indeed.com/viewjob?jk=02cc359a6e46ad2a&fccid=b1330bfa6e5aae73&vjs=3,0,2,2,0,0,0,3,0,0,0,0,0,4,0,0,0,3,0,0,0,0,0,0,0,1,0,1,0,0,0,0,4,1,0,0,0,0,0,0,0,1,0,0,0,0,1,0,0,0,0,0,0,0,0,0,6,0,0,4,1,0,0,0,0,0,0,0,1,0,0,0,0,0,0,0,0,4,0,0,0,0,0,0,0,0,0,0,0,0,0,0,0,0,0,0,0,0,0,2,0
0,PNC Bank,1,1,1,https://www.indeed.com/viewjob?jk=d70afaf52614209d&fccid=b1330bfa6e5aae73&vjs=3,0,0,0,0,0,0,1,0,0,0,0,0,3,0,0,0,1,0,0,0,0,0,0,0,0,0,1,0,0,0,1,1,1,0,0,0,0,0,0,0,0,0,0,0,0,0,0,0,0,0,0,0,0,0,0,2,0,0,2,0,0,0,0,0,0,0,0,2,0,0,0,0,0,0,0,0,3,0,0,0,0,0,0,0,0,0,0,0,0,0,0,0,0,0,0,0,0,0,0,0
0,PNC Bank,1,1,1,https://www.indeed.com/viewjob?jk=cf3eadca9708b2fe&fccid=b1330bfa6e5aae73&vjs=3,0,1,2,0,0,0,0,0,0,0,3,0,3,0,0,0,1,0,0,0,0,0,0,0,3,0,0,0,0,0,0,3,1,0,0,0,0,0,0,0,1,0,0,0,0,3,0,0,0,0,1,0,0,1,0,12,0,0,2,1,0,0,1,0,0,0,0,1,0,0,1,0,0,1,0,0,0,0,0,0,0,0,0,0,0,0,0,0,0,0,0,1,0,0,0,0,0,0,0,0
0,PNC Bank,1,1,1,https://www.indeed.com/viewjob?jk=44ee977c99065529&fccid=fc317a2deb4ad617&vjs=3,0,0,0,0,0,0,0,0,0,0,0,0,0,0,0,0,0,0,0,1,0,0,0,0,0,0,0,0,0,0,0,0,0,0,0,0,0,0,0,0,1,1,0,0,0,0,0,0,0,0,0,0,0,0,0,2,0,0,0,0,0,1,0,0,0,0,0,0,0,0,0,0,0,0,0,0,0,0,0,0,0,0,0,0,0,0,0,0,0,0,0,0,0,0,1,0,0,1,0,0
0,PNC Bank,1,1,1,https://www.indeed.com/viewjob?jk=74a9f834f7438367&fccid=b1330bfa6e5aae73&vjs=3,0,0,3,0,0,0,2,0,0,0,0,0,2,0,0,0,1,0,0,0,0,0,0,0,0,0,1,0,0,0,5,1,1,0,0,0,0,0,0,0,0,0,0,0,0,0,0,0,1,0,0,0,0,0,0,7,0,0,3,0,0,0,0,0,0,0,2,0,0,0,0,0,0,0,0,0,1,0,0,0,0,0,0,1,0,0,0,0,0,1,0,1,0,0,1,1,0,0,0,0
0,PNC Bank,1,1,1,https://www.indeed.com/viewjob?jk=e9ea83e7dc536cde&fccid=b1330bfa6e5aae73&vjs=3,0,3,6,0,0,0,4,0,0,0,1,0,4,0,0,0,2,0,0,0,0,0,0,0,1,0,0,0,0,0,0,2,1,0,0,0,0,0,0,0,0,0,0,0,1,3,0,0,2,0,0,0,6,0,0,4,0,0,4,0,0,0,0,0,0,0,0,2,0,0,1,0,0,0,0,0,0,0,0,0,0,0,0,0,0,0,0,0,0,0,0,0,0,0,0,0,0,0,0,0
0,PNC Bank,1,1,1,https://www.indeed.com/viewjob?jk=023d2ed2b44ba836&fccid=e2a2a5c0f4f84192&vjs=3,0,0,1,0,0,0,0,0,0,0,0,0,0,0,0,0,0,0,0,0,0,0,0,0,0,0,0,0,0,0,0,0,0,0,0,0,0,0,0,0,0,0,0,0,0,0,0,0,0,0,0,0,0,0,0,0,1,0,0,0,0,0,0,0,0,0,0,0,0,0,0,0,0,1,0,0,1,0,0,0,0,0,1,0,0,0,0,0,0,0,0,0,1,0,0,0,0,0,0,0
0,PNC Bank,1,1,1,https://www.indeed.com/viewjob?jk=3e183fb7b30a07ea&fccid=50bf9fcf24349f73&vjs=3,0,0,0,0,0,0,0,0,0,0,1,0,0,0,0,0,0,0,0,0,0,0,0,0,0,0,0,0,0,1,1,0,0,0,0,0,0,0,0,0,0,0,0,0,1,0,0,0,0,0,0,0,0,0,0,0,0,0,0,0,0,0,0,0,0,0,0,0,0,0,0,0,0,0,0,0,0,0,0,0,0,0,0,0,0,0,0,0,0,0,0,0,0,0,0,0,0,0,0,0
0,PNC Bank,1,1,1,https://www.indeed.com/viewjob?jk=4f067edb256c3c93&fccid=b1330bfa6e5aae73&vjs=3,0,0,7,1,0,0,1,2,0,0,0,0,3,0,0,0,2,0,0,0,0,0,0,0,2,0,2,0,0,0,0,5,1,0,0,0,0,0,0,0,0,2,1,0,0,3,0,0,2,0,0,0,5,1,0,18,0,0,10,0,0,0,3,0,0,0,0,1,0,2,0,0,0,0,0,0,0,0,1,0,0,0,0,0,0,0,0,0,0,3,0,0,0,0,0,0,0,0,0,0
0,PNC Bank,1,1,1,https://www.indeed.com/viewjob?jk=81dc7db88195502c&fccid=b1330bfa6e5aae73&vjs=3,0,0,2,1,0,0,0,0,0,0,0,0,4,0,0,0,1,0,0,0,0,0,0,0,0,0,2,0,0,0,0,1,1,0,0,0,0,0,0,0,1,0,0,0,0,4,0,0,1,0,0,0,0,0,0,6,0,0,2,0,0,0,1,0,0,0,0,1,0,0,0,0,0,0,0,0,0,0,0,0,0,0,0,0,0,0,0,0,0,0,0,0,0,0,0,0,0,0,1,0
0,PNC Bank,1,1,1,https://www.indeed.com/viewjob?jk=02fb935ab17eac30&fccid=b1330bfa6e5aae73&vjs=3,0,3,6,0,0,0,4,0,0,0,1,0,4,0,0,0,2,0,0,0,0,0,0,0,1,0,0,0,0,0,1,2,1,0,0,0,0,0,0,0,0,0,0,0,1,3,0,0,1,0,0,0,6,0,0,4,0,0,4,0,0,0,0,0,0,0,0,2,0,0,1,0,0,0,0,0,0,0,0,0,0,0,0,0,0,0,0,0,0,0,0,0,0,0,0,0,0,0,0,0
0,PNC Bank,1,1,1,https://www.indeed.com/viewjob?jk=626f796e761cf904&fccid=b1330bfa6e5aae73&vjs=3,0,0,0,3,0,0,0,0,0,0,0,0,2,0,0,0,0,0,0,0,0,0,0,0,0,0,0,0,0,0,0,1,1,0,0,0,0,0,0,0,0,1,0,0,0,0,0,0,0,0,0,0,0,0,0,8,0,0,2,0,0,0,1,0,0,0,0,0,0,4,0,0,0,0,0,0,0,0,0,0,0,0,0,0,0,0,0,0,0,0,0,0,0,0,0,0,0,0,0,0
0,PNC Bank,1,1,1,https://www.indeed.com/viewjob?jk=f372311f23dca87e&fccid=b1330bfa6e5aae73&vjs=3,0,0,2,0,0,0,0,1,0,0,0,0,2,0,0,0,1,0,0,0,0,0,0,0,1,0,1,0,0,0,0,1,1,0,0,0,0,0,0,0,0,1,0,1,1,0,0,0,0,0,0,0,0,0,0,3,0,0,2,0,0,0,2,0,0,0,0,0,0,0,0,0,0,0,0,0,1,0,0,0,0,0,0,0,0,0,0,0,0,1,0,0,0,0,0,0,0,0,0,0
0,PNC Bank,1,1,1,https://www.indeed.com/viewjob?jk=3e68e07330ad5e92&fccid=e2a2a5c0f4f84192&vjs=3,0,0,1,0,0,0,0,0,0,0,0,0,0,0,0,0,0,0,0,0,0,0,0,0,0,0,0,0,0,0,0,0,0,0,0,0,0,0,0,0,0,0,0,0,0,0,0,0,0,0,0,0,0,0,0,0,1,0,0,0,0,0,0,0,0,0,0,0,0,0,0,0,0,1,0,0,1,0,0,0,0,0,1,0,0,0,0,0,0,0,0,0,1,0,0,0,0,0,0,0
0,PNC Bank,1,1,1,https://www.indeed.com/viewjob?jk=110dc34f71cb37d6&fccid=44962bfdcf371a6d&vjs=3,0,0,1,1,0,0,0,0,0,0,0,0,0,0,0,0,0,3,0,0,0,0,0,0,1,0,0,0,0,0,0,0,0,0,0,0,0,0,1,0,0,0,0,1,2,0,0,0,0,0,0,0,0,0,0,0,0,0,0,0,0,0,0,0,0,0,0,0,0,0,0,0,0,0,0,0,0,0,0,0,0,0,0,0,0,0,0,0,0,0,0,0,1,0,0,0,0,1,1,0
0,PNC Bank,1,1,1,https://www.indeed.com/viewjob?jk=e1c22b2edfa26fa4&fccid=b1330bfa6e5aae73&vjs=3,0,3,5,1,0,0,2,0,0,0,0,0,4,0,0,0,3,0,0,0,0,0,0,0,1,0,0,0,0,0,0,3,1,0,0,0,0,0,0,0,0,1,0,0,0,2,0,0,1,0,0,0,0,0,1,5,0,0,2,0,0,0,1,0,0,0,0,1,0,0,0,0,0,0,0,0,0,0,0,0,0,0,0,3,0,0,0,0,0,0,0,0,0,0,0,0,0,0,0,0
0,PNC Bank,1,1,1,https://www.indeed.com/viewjob?jk=5f695fa9535592ec&fccid=b1330bfa6e5aae73&vjs=3,0,0,0,0,0,0,0,0,0,0,0,0,2,0,0,0,1,0,0,0,0,0,0,0,0,0,0,0,0,0,0,2,1,0,0,0,0,0,0,0,1,0,0,0,0,1,0,0,1,0,0,0,0,0,0,13,0,0,2,0,0,0,0,0,0,0,0,1,0,0,0,0,1,0,0,0,0,0,0,0,0,0,0,0,0,0,0,0,0,1,0,0,0,0,0,0,0,0,0,0
0,PNC Bank,1,1,1,https://www.indeed.com/viewjob?jk=a441395045c98b56&fccid=b1330bfa6e5aae73&vjs=3,0,0,1,0,0,0,0,0,0,0,0,0,2,0,0,0,0,0,0,0,0,0,0,0,0,0,0,0,0,0,0,1,1,0,0,0,0,0,0,0,0,0,0,0,0,0,0,0,1,0,0,0,0,0,0,4,0,0,2,0,0,0,0,0,0,0,0,0,0,0,0,0,2,0,0,0,1,0,0,0,0,0,0,0,0,0,0,1,0,0,0,0,0,0,0,0,0,0,0,0
0,PNC Bank,1,1,1,https://www.indeed.com/viewjob?jk=b8b4995cc637d0ff&fccid=b1330bfa6e5aae73&vjs=3,0,2,2,0,0,0,4,0,0,0,1,0,4,0,0,0,2,0,0,0,0,0,0,0,1,0,0,0,0,0,0,2,1,0,0,0,0,0,0,0,0,0,0,0,0,1,0,0,0,0,0,0,0,1,0,5,0,0,2,0,0,0,0,0,0,0,0,1,0,0,0,0,0,0,0,0,0,0,0,0,0,0,0,0,0,0,0,0,0,0,0,0,0,0,0,0,0,0,0,0
0,PNC Bank,1,1,1,https://www.indeed.com/viewjob?jk=7bcfc9406dec004e&fccid=b1330bfa6e5aae73&vjs=3,0,3,7,0,0,0,3,0,0,0,1,0,4,0,0,0,2,0,0,0,0,0,0,0,1,0,0,0,0,0,0,1,1,0,0,0,0,0,0,0,0,0,0,0,0,2,0,0,0,0,0,0,3,0,0,3,0,0,3,0,0,0,0,0,0,0,0,2,0,0,0,0,0,0,0,0,0,0,0,0,0,0,0,0,0,0,0,0,0,0,0,0,0,0,0,0,0,0,0,0
0,PNC Bank,1,1,1,https://www.indeed.com/viewjob?jk=a85a4bfd55193144&fccid=b1330bfa6e5aae73&vjs=3,0,0,0,1,0,0,0,0,0,0,0,0,2,0,0,0,0,0,0,0,0,0,0,0,0,0,0,0,0,0,3,2,1,0,0,0,0,0,0,0,0,0,0,0,0,0,0,0,3,0,0,0,0,0,0,4,0,0,2,0,0,0,1,0,0,0,0,0,0,0,0,0,0,0,0,0,0,0,0,0,0,0,0,0,0,0,0,0,0,0,0,0,0,0,0,0,0,0,0,0
0,PNC Bank,1,1,1,https://www.indeed.com/viewjob?jk=ba574a875b4144fe&fccid=b1330bfa6e5aae73&vjs=3,0,1,0,0,0,0,0,1,0,0,2,0,6,0,0,0,0,0,0,0,0,0,0,0,0,0,6,0,0,0,0,2,1,0,0,0,0,0,0,0,0,0,0,0,0,1,0,0,0,0,0,0,0,0,0,4,0,0,2,0,0,0,0,0,0,0,0,0,0,0,0,0,0,0,0,0,1,0,0,0,0,0,0,0,0,0,0,0,0,0,0,0,0,0,0,0,0,0,0,0
0,PNC Bank,1,1,1,https://www.indeed.com/viewjob?jk=b6abfc53a8906438&fccid=b1330bfa6e5aae73&vjs=3,0,0,0,0,0,0,0,0,0,0,0,0,2,0,0,0,0,0,0,0,0,0,0,0,0,1,0,0,0,0,0,10,1,0,0,0,0,0,0,0,0,0,0,0,0,0,0,0,1,0,0,0,0,0,0,11,0,0,20,0,0,0,3,0,0,0,0,0,0,0,0,2,0,0,0,0,0,0,0,0,0,0,0,0,0,0,0,0,0,0,0,0,0,0,0,0,0,0,0,0
0,PNC Bank,1,1,1,https://www.indeed.com/viewjob?jk=cd9afbc3a9e28d4a&fccid=b1330bfa6e5aae73&vjs=3,0,1,0,1,0,0,1,0,0,0,2,0,3,0,0,0,2,0,0,0,0,0,0,0,0,0,1,0,0,0,0,1,3,0,0,0,0,0,0,0,0,1,0,0,0,0,0,0,1,0,1,0,0,1,0,10,0,0,2,0,0,0,1,0,1,0,0,1,0,0,0,0,0,0,0,0,0,0,0,0,0,0,0,0,0,1,0,0,0,0,0,0,0,0,0,0,0,0,0,0
0,PNC Bank,1,1,1,https://www.indeed.com/viewjob?jk=2b754d59edb7ccaa&fccid=b1330bfa6e5aae73&vjs=3,0,0,0,0,0,0,4,0,0,0,0,0,2,0,0,0,1,0,0,1,0,0,0,0,1,0,3,0,0,0,0,2,1,0,0,0,1,0,0,0,0,0,0,0,0,1,0,0,0,0,0,0,0,1,0,4,0,0,2,0,0,1,0,0,0,0,0,0,0,0,0,0,0,0,0,0,1,0,0,0,0,0,0,0,0,0,0,0,0,0,0,0,0,0,0,1,0,0,0,0
0,PNC Bank,1,1,1,https://www.indeed.com/viewjob?jk=cc5ee81cc86a446f&fccid=b1330bfa6e5aae73&vjs=3,0,0,0,3,0,0,0,0,0,0,0,0,2,0,0,0,1,0,0,0,0,0,0,0,0,5,0,0,0,0,1,3,1,0,0,0,0,0,0,0,11,1,0,0,0,1,0,0,1,0,0,0,0,1,0,14,0,0,2,0,0,0,1,0,0,0,0,0,0,0,0,0,1,0,0,0,1,0,0,0,0,0,0,0,0,0,0,0,0,0,0,0,0,0,0,0,0,0,0,0
0,PNC Bank,1,1,1,https://www.indeed.com/viewjob?jk=2db9739d2a005ab9&fccid=b1330bfa6e5aae73&vjs=3,0,3,3,0,0,0,2,0,0,0,2,0,7,0,0,0,2,0,0,0,0,0,0,0,1,0,0,0,0,0,0,3,1,0,0,0,0,0,0,0,0,0,0,0,0,2,0,0,1,0,0,0,5,1,0,4,0,0,3,0,0,0,0,0,0,0,0,2,0,0,1,0,0,0,0,0,0,0,0,0,0,0,0,0,0,0,0,0,0,0,0,1,0,0,1,0,0,0,0,0
0,PNC Bank,1,1,1,https://www.indeed.com/viewjob?jk=b8b4995cc637d0ff&fccid=b1330bfa6e5aae73&vjs=3,0,2,2,0,0,0,4,0,0,0,1,0,4,0,0,0,2,0,0,0,0,0,0,0,1,0,0,0,0,0,0,2,1,0,0,0,0,0,0,0,0,0,0,0,0,1,0,0,0,0,0,0,0,1,0,5,0,0,2,0,0,0,0,0,0,0,0,1,0,0,0,0,0,0,0,0,0,0,0,0,0,0,0,0,0,0,0,0,0,0,0,0,0,0,0,0,0,0,0,0
0,PNC Bank,1,1,1,https://www.indeed.com/viewjob?jk=871779830e01bb8f&fccid=b1330bfa6e5aae73&vjs=3,0,1,0,1,0,1,0,0,0,0,0,0,3,0,0,0,0,0,0,0,0,1,0,0,0,0,0,0,0,0,0,1,1,0,0,0,0,0,0,0,1,0,0,0,0,1,0,0,2,0,0,0,0,1,0,10,0,0,2,0,0,0,1,0,0,0,0,0,0,0,0,0,1,0,0,0,0,0,0,0,0,0,0,0,0,0,1,0,0,0,0,0,0,0,0,0,0,0,0,0
0,PNC Bank,1,1,1,https://www.indeed.com/viewjob?jk=a8d2563cfdf64fa1&fccid=b1330bfa6e5aae73&vjs=3,0,0,0,0,0,0,2,0,0,0,0,0,2,0,0,0,0,0,0,0,0,0,0,0,0,1,0,0,0,0,0,4,1,0,0,0,0,0,0,0,1,0,0,0,0,0,0,0,0,0,0,0,0,0,0,4,0,0,2,0,1,0,0,0,0,0,0,0,0,0,0,0,0,0,0,0,0,0,0,0,0,0,0,0,0,0,0,0,0,0,0,0,0,0,1,0,0,1,0,0
0,PNC Bank,1,1,1,https://www.indeed.com/viewjob?jk=8782d5762f2a3639&fccid=b1330bfa6e5aae73&vjs=3,0,4,4,0,0,0,4,0,0,0,0,0,11,0,0,0,5,0,0,0,0,0,0,0,2,0,1,0,0,0,0,1,1,0,0,0,0,0,0,0,1,1,0,0,0,1,0,0,0,0,0,0,0,0,0,3,0,0,2,0,0,0,0,0,0,1,0,1,2,0,0,0,0,0,0,0,0,0,0,0,0,0,0,0,0,0,0,0,0,0,0,0,0,0,0,0,0,0,0,0
0,PNC Bank,1,1,1,https://www.indeed.com/viewjob?jk=ff5a095795772c01&fccid=b1330bfa6e5aae73&vjs=3,0,0,0,1,0,0,0,0,0,0,0,0,2,0,0,0,0,0,0,0,0,0,0,0,0,0,0,0,0,0,0,2,1,0,0,0,0,0,0,0,1,0,0,0,0,1,0,0,0,0,0,0,0,0,0,5,0,0,2,0,0,0,0,0,0,0,0,0,0,1,0,0,0,1,0,0,0,0,0,0,0,0,0,0,0,0,0,0,0,0,0,0,0,0,0,0,0,0,0,0
0,PNC Bank,1,1,1,https://www.indeed.com/viewjob?jk=4d9318a5c0deabbb&fccid=b38d98fe598169db&vjs=3,0,0,3,0,0,0,0,2,0,0,0,0,0,0,0,0,0,0,0,1,0,0,0,0,0,0,0,0,0,0,0,0,0,0,0,0,0,0,2,0,0,0,0,0,0,0,0,0,0,0,0,0,0,0,0,1,0,0,0,0,0,0,0,0,0,0,0,0,0,0,0,0,0,5,0,0,2,0,0,0,0,0,0,0,1,0,0,0,0,1,0,0,0,0,0,0,0,0,0,0
0,PNC Bank,1,1,1,https://www.indeed.com/viewjob?jk=63e2816f44826bc4&fccid=b1330bfa6e5aae73&vjs=3,0,2,2,0,0,0,3,0,0,0,1,0,6,0,0,0,2,0,0,0,0,0,0,0,1,0,0,0,0,0,0,2,1,0,0,0,0,0,0,0,0,0,0,0,0,1,0,0,0,0,0,0,0,0,0,7,0,0,2,0,0,0,0,0,0,1,0,1,0,0,0,0,0,0,0,0,0,0,0,0,0,0,0,0,0,0,0,0,0,0,0,0,0,0,0,0,0,0,0,0
0,PNC Bank,1,1,1,https://www.indeed.com/viewjob?jk=ec4ea2b3102163af&fccid=b1330bfa6e5aae73&vjs=3,0,0,0,13,0,0,1,0,0,0,0,0,2,0,0,0,0,0,0,0,0,0,0,0,0,0,1,0,0,0,0,3,1,1,0,0,0,0,0,0,0,1,0,0,0,2,0,0,1,0,0,0,0,0,1,9,0,0,2,0,0,0,0,0,0,1,0,0,0,1,0,0,0,0,0,0,0,0,0,0,0,1,1,0,0,0,0,0,0,2,0,0,0,0,0,0,0,0,0,0
0,PNC Bank,1,1,1,https://www.indeed.com/viewjob?jk=eb24086c28ccd073&fccid=b1330bfa6e5aae73&vjs=3,0,1,0,0,0,0,1,0,0,0,0,0,4,0,0,0,1,0,0,0,0,0,0,0,0,0,2,0,0,0,0,2,1,0,0,0,0,0,0,0,0,0,0,0,0,1,0,0,0,0,0,0,0,0,0,3,0,0,2,0,0,0,0,0,0,0,0,0,0,0,0,0,0,0,0,0,3,0,0,0,0,0,0,0,0,0,0,0,0,0,0,0,0,0,0,0,0,0,0,0
0,PNC Bank,1,1,1,https://www.indeed.com/viewjob?jk=119776e07f7b051e&fccid=b1330bfa6e5aae73&vjs=3,0,0,0,0,0,0,0,0,0,0,0,0,2,0,0,0,0,0,0,0,0,0,0,0,0,0,0,0,0,0,0,2,1,0,0,0,0,0,0,0,0,0,0,0,0,0,0,0,0,0,0,0,0,1,0,5,0,0,2,1,0,0,0,0,0,0,0,0,0,0,0,0,0,0,0,0,0,0,0,0,0,0,0,0,0,0,0,0,0,0,0,0,0,0,0,0,0,0,0,0
0,PNC Bank,1,1,1,https://www.indeed.com/viewjob?jk=62f4f950c3ae5d0a&fccid=8a2cab955e2c8fd5&vjs=3,0,0,3,1,0,0,0,0,0,0,0,0,0,0,0,0,0,0,0,0,0,0,0,0,0,0,0,0,0,1,2,0,0,0,0,0,0,0,0,0,1,0,1,0,0,0,0,0,0,0,0,0,0,0,0,0,0,0,0,0,0,0,0,0,0,0,0,0,0,0,0,0,0,0,0,0,0,0,0,0,0,0,0,0,0,0,0,0,0,0,0,0,0,0,0,0,0,0,0,0
0,PNC Bank,1,1,1,https://www.indeed.com/viewjob?jk=0ed2b7194a94c793&fccid=b1330bfa6e5aae73&vjs=3,0,0,0,3,0,0,0,0,0,0,0,0,2,0,0,0,0,0,0,0,0,0,0,0,0,0,0,0,0,0,0,1,1,0,0,0,0,0,0,0,0,1,0,0,0,0,0,0,0,0,0,0,0,0,0,8,0,0,2,0,0,0,1,0,0,0,0,0,0,4,0,0,0,0,0,0,0,0,0,0,0,0,0,0,0,0,0,0,0,0,0,0,0,0,0,0,0,0,0,0
0,PNC Bank,1,1,1,https://www.indeed.com/viewjob?jk=bda706ff9b49e067&fccid=bb683ece80aa0ce2&vjs=3,0,0,0,0,0,0,0,0,0,0,0,0,1,0,0,0,0,0,0,0,0,0,0,0,0,0,1,0,0,0,0,0,0,0,0,0,0,0,0,0,0,0,0,0,0,0,0,0,0,0,0,0,0,0,0,0,0,0,0,0,0,0,0,0,0,0,0,0,0,0,0,0,0,0,0,0,1,0,0,0,0,0,0,0,0,0,0,0,0,0,0,0,0,0,0,0,0,0,0,0
0,PNC Bank,1,1,1,https://www.indeed.com/viewjob?jk=4d9318a5c0deabbb&fccid=b38d98fe598169db&vjs=3,0,0,3,0,0,0,0,2,0,0,0,0,0,0,0,0,0,0,0,1,0,0,0,0,0,0,0,0,0,0,0,0,0,0,0,0,0,0,2,0,0,0,0,0,0,0,0,0,0,0,0,0,0,0,0,1,0,0,0,0,0,0,0,0,0,0,0,0,0,0,0,0,0,5,0,0,2,0,0,0,0,0,0,0,1,0,0,0,0,1,0,0,0,0,0,0,0,0,0,0
0,PNC Bank,1,1,1,https://www.indeed.com/viewjob?jk=376d1175336b2534&fccid=b1330bfa6e5aae73&vjs=3,0,0,0,0,0,0,2,0,0,0,0,0,2,0,0,0,0,0,0,0,0,0,0,0,0,1,0,0,0,0,0,4,1,0,0,0,0,0,0,0,1,0,0,0,0,0,0,0,0,0,0,0,0,0,0,5,0,0,2,0,1,0,0,0,0,0,0,0,0,0,0,0,0,0,0,0,0,0,0,0,0,0,0,0,0,0,0,0,0,0,0,0,0,0,1,0,0,1,0,0
0,PNC Bank,1,1,1,https://www.indeed.com/viewjob?jk=23d3c11417c69e95&fccid=b1330bfa6e5aae73&vjs=3,1,0,2,0,0,0,0,0,0,0,1,0,2,0,0,0,0,0,0,0,0,0,0,0,0,0,0,0,0,0,3,3,1,0,0,0,0,0,0,0,0,0,0,0,0,1,0,0,0,0,0,0,0,0,0,5,0,0,3,0,0,0,0,0,0,0,2,0,0,1,0,0,0,0,0,0,0,0,0,0,0,0,0,0,0,0,0,0,0,0,0,1,0,0,0,1,0,0,0,0
0,PNC Bank,1,1,1,https://www.indeed.com/viewjob?jk=3605780dcb42d3f2&fccid=b1330bfa6e5aae73&vjs=3,0,0,1,0,0,0,1,0,0,1,1,0,3,0,0,0,4,0,0,0,0,0,0,0,0,0,1,0,0,0,13,5,1,0,0,0,0,0,0,0,1,2,0,0,0,0,0,0,0,0,0,0,0,0,0,4,0,0,3,0,0,0,0,0,0,0,0,0,0,0,0,0,0,0,0,0,1,0,0,0,0,0,0,0,0,0,0,0,0,0,0,0,0,0,1,0,0,0,1,0
0,PNC Bank,1,1,1,https://www.indeed.com/viewjob?jk=05f64f94b1a3ce70&fccid=e5393318b53e93d4&vjs=3,0,0,0,0,0,0,0,1,0,0,0,0,0,0,0,0,0,0,0,0,0,0,0,0,0,0,0,0,0,0,0,0,0,0,0,0,0,0,0,0,0,0,0,0,0,0,0,0,0,0,0,0,0,0,0,0,0,0,0,0,0,0,0,0,0,0,0,0,0,1,0,0,0,0,0,0,0,1,0,0,0,0,0,0,0,0,0,0,0,3,0,1,0,0,0,0,0,0,0,0
0,PNC Bank,1,1,1,https://www.indeed.com/viewjob?jk=20d5646b925708db&fccid=b1330bfa6e5aae73&vjs=3,0,0,0,4,0,0,0,0,0,0,0,0,3,0,0,0,0,0,0,0,0,0,0,0,0,0,1,0,0,0,0,1,0,0,0,0,0,0,0,0,0,0,0,0,0,0,0,0,0,0,0,0,0,1,0,15,0,0,2,0,1,0,0,0,0,0,0,1,0,0,0,0,0,0,0,0,0,0,0,0,0,0,0,0,0,0,0,0,0,0,0,0,0,0,0,0,0,0,0,0
0,PNC Bank,1,1,1,https://www.indeed.com/viewjob?jk=33fd6d4777ebc45d&fccid=b1330bfa6e5aae73&vjs=3,0,3,5,0,0,0,3,1,0,0,0,0,5,0,0,0,4,0,0,0,0,0,0,0,1,0,1,0,0,0,0,3,1,0,0,0,0,0,0,0,0,0,0,0,0,2,0,0,2,0,0,0,0,0,1,3,0,0,2,0,0,0,1,0,0,0,0,1,0,0,0,0,0,0,0,0,1,0,0,0,0,0,0,0,0,0,0,0,0,0,0,0,0,0,0,0,0,0,0,0
0,PNC Bank,1,1,1,https://www.indeed.com/viewjob?jk=eb41c457221ac34c&fccid=b1330bfa6e5aae73&vjs=3,0,3,5,1,0,0,2,0,0,0,0,0,4,0,0,0,3,0,0,0,0,0,0,0,1,0,1,0,0,0,0,4,1,0,0,0,0,0,0,0,0,1,0,0,0,2,0,0,2,0,0,0,0,0,1,5,0,0,2,0,0,0,1,0,0,0,0,1,0,0,0,0,0,0,0,0,0,0,0,0,0,0,0,4,0,0,0,0,0,0,0,0,0,0,0,0,0,0,0,0
0,PNC Bank,1,1,1,https://www.indeed.com/viewjob?jk=3f6ee6722ecee14f&fccid=b1330bfa6e5aae73&vjs=3,0,0,2,3,0,0,0,0,0,0,0,0,2,0,0,0,0,0,0,1,0,1,0,0,0,0,7,0,0,0,0,1,0,0,0,0,0,0,0,0,2,0,0,0,0,0,0,0,3,0,0,0,0,1,1,7,0,0,2,0,0,0,1,0,0,0,0,0,0,0,0,1,0,0,0,0,0,0,0,3,0,0,0,0,0,0,1,0,1,3,0,0,0,0,1,0,0,0,0,0
0,PNC Bank,1,1,1,https://www.indeed.com/viewjob?jk=5b0478e0b782a161&fccid=b1330bfa6e5aae73&vjs=3,0,0,0,0,0,0,3,1,0,0,0,0,2,0,0,0,2,0,0,0,0,0,0,0,0,1,9,0,0,0,0,1,1,0,0,0,0,0,0,0,0,0,0,0,0,0,0,0,0,0,0,0,0,0,0,8,0,0,2,0,0,0,0,0,1,0,0,0,0,0,0,0,0,0,0,0,1,0,0,0,0,0,0,0,0,0,0,0,0,0,0,0,0,0,0,0,0,0,0,0
0,PNC Bank,1,1,1,https://www.indeed.com/viewjob?jk=15314a90ac862b99&fccid=b1330bfa6e5aae73&vjs=3,0,0,0,0,0,0,0,1,0,0,0,0,2,0,0,0,0,0,0,0,0,0,0,0,0,0,0,0,0,0,0,2,1,0,0,0,0,0,0,0,3,0,0,0,0,0,0,0,1,0,0,0,0,2,0,10,0,0,2,0,0,0,1,0,0,0,0,0,0,0,0,0,0,0,0,0,2,0,0,0,0,0,0,0,0,0,0,0,0,1,0,1,0,0,0,0,0,0,0,0
0,PNC Bank,1,1,1,https://www.indeed.com/viewjob?jk=75d4e100402544a0&fccid=b1330bfa6e5aae73&vjs=3,0,0,1,0,0,0,1,0,0,0,0,0,2,0,0,0,2,0,0,0,0,0,0,0,2,0,0,0,0,0,1,3,1,0,0,0,0,0,0,0,0,0,0,0,0,0,0,0,1,0,0,0,0,0,0,5,0,0,4,0,1,0,0,0,0,0,0,0,0,0,0,0,0,0,0,0,0,0,0,0,0,0,0,0,0,0,0,0,0,0,0,0,0,0,0,0,0,0,0,0
0,PNC Bank,1,1,1,https://www.indeed.com/viewjob?jk=40e77ad56c72ecdb&fccid=b1330bfa6e5aae73&vjs=3,2,0,0,0,0,0,1,0,0,0,0,0,7,0,0,0,0,0,0,0,0,0,0,0,0,0,2,0,0,0,0,2,1,0,0,0,0,0,0,0,0,0,0,0,0,3,0,0,1,0,0,0,0,1,0,12,0,0,2,0,0,0,0,0,0,0,0,0,0,0,0,0,0,0,0,0,1,0,0,0,0,0,0,0,0,0,0,0,0,0,0,0,0,0,1,0,0,1,0,0
0,PNC Bank,1,1,1,https://www.indeed.com/viewjob?jk=2c99cff99e2b7ec1&fccid=b1330bfa6e5aae73&vjs=3,0,2,1,1,0,0,1,2,0,0,0,0,4,0,0,0,0,0,0,1,0,0,0,0,0,0,10,0,0,0,0,4,1,0,0,0,0,1,0,0,1,0,0,0,0,1,0,0,0,0,0,0,0,1,0,6,0,0,4,0,0,0,0,0,0,0,0,1,0,0,0,3,0,0,0,0,1,1,0,0,0,0,0,0,0,1,0,0,0,0,0,1,0,0,0,0,0,0,0,0
0,PNC Bank,1,1,1,https://www.indeed.com/viewjob?jk=c02ec1c4c16614cb&fccid=b1330bfa6e5aae73&vjs=3,0,3,5,0,0,0,3,0,0,0,0,0,4,0,0,0,3,0,0,0,0,0,0,0,1,0,1,0,0,0,0,3,1,0,0,0,0,0,0,0,0,0,0,0,0,4,0,0,2,0,0,0,0,0,2,6,0,0,2,0,0,0,1,0,0,0,0,1,0,0,0,0,0,0,0,0,0,0,0,0,0,0,0,0,0,0,0,0,0,0,0,0,0,0,0,0,0,0,0,0
0,PNC Bank,1,1,1,https://www.indeed.com/viewjob?jk=5efac58cc2168e78&fccid=b1330bfa6e5aae73&vjs=3,0,0,2,0,0,0,0,1,0,0,0,0,2,0,0,0,1,0,0,0,0,0,0,0,1,0,1,0,0,0,0,1,1,0,0,0,0,0,0,0,0,1,0,1,0,0,0,0,1,0,0,0,0,0,0,3,0,0,2,0,0,0,1,0,0,0,0,0,0,0,0,0,0,0,0,0,0,0,0,0,0,0,0,0,0,0,0,0,0,1,0,0,0,0,0,0,0,0,0,0
0,PNC Bank,1,1,1,https://www.indeed.com/viewjob?jk=248b3f618721c8ed&fccid=b1330bfa6e5aae73&vjs=3,0,1,2,8,0,0,1,0,0,0,0,0,2,0,0,0,2,0,0,0,0,0,0,0,0,0,0,0,0,0,0,5,1,2,0,0,0,0,0,0,0,1,0,0,0,0,0,0,0,0,0,0,1,0,0,12,0,0,6,0,0,0,1,0,0,0,0,0,0,9,0,0,0,0,0,0,0,0,0,0,0,0,1,0,0,1,0,0,0,0,0,0,0,0,0,0,0,0,0,0
0,PNC Bank,1,1,1,https://www.indeed.com/viewjob?jk=46059cfe627fdc13&fccid=b1330bfa6e5aae73&vjs=3,0,1,8,0,0,0,1,0,0,0,4,0,3,0,0,0,2,0,0,0,0,0,0,0,0,0,3,0,0,0,1,1,3,2,0,0,0,0,0,0,0,0,0,0,0,3,0,0,2,0,0,0,0,0,0,3,0,0,2,0,1,0,2,0,0,0,0,0,0,0,0,0,0,0,0,0,2,0,0,0,0,0,0,0,0,0,0,0,0,0,0,0,0,0,0,1,0,0,0,0
0,PNC Bank,1,1,1,https://www.indeed.com/viewjob?jk=32e720c115dd7baa&fccid=b1330bfa6e5aae73&vjs=3,1,0,0,0,0,0,1,0,0,0,0,0,6,0,0,0,0,0,0,0,0,0,0,0,0,0,1,0,0,0,0,1,1,0,0,0,1,0,0,0,0,0,3,0,0,2,0,0,1,0,0,0,0,1,0,9,0,0,2,0,0,0,0,0,0,0,0,0,0,0,0,0,0,0,0,0,1,0,0,0,0,0,0,0,0,0,0,0,0,0,0,1,0,0,0,0,0,0,0,0
0,PNC Bank,1,1,1,https://www.indeed.com/viewjob?jk=5cb97e37038702d4&fccid=b1330bfa6e5aae73&vjs=3,0,0,0,1,0,0,0,0,0,0,0,0,2,0,0,0,0,0,0,0,0,0,0,0,0,0,0,0,0,0,0,2,1,0,0,0,0,0,0,0,1,0,0,0,0,1,0,0,1,0,0,0,0,0,0,6,0,0,2,0,0,0,0,0,0,0,0,0,0,1,0,0,0,1,0,0,0,0,0,0,0,0,0,0,0,0,0,0,0,0,0,0,0,0,0,0,0,0,0,0
0,PNC Bank,1,1,1,https://www.indeed.com/viewjob?jk=15314a90ac862b99&fccid=b1330bfa6e5aae73&vjs=3,0,0,0,0,0,0,0,1,0,0,0,0,2,0,0,0,0,0,0,0,0,0,0,0,0,0,0,0,0,0,0,2,1,0,0,0,0,0,0,0,3,0,0,0,0,0,0,0,1,0,0,0,0,2,0,10,0,0,2,0,0,0,1,0,0,0,0,0,0,0,0,0,0,0,0,0,2,0,0,0,0,0,0,0,0,0,0,0,0,1,0,1,0,0,0,0,0,0,0,0
0,PNC Bank,1,1,1,https://www.indeed.com/viewjob?jk=188c9d6e18f4f92e&fccid=7ccef8ac27d888c8&vjs=3,0,2,1,0,0,0,4,0,0,0,0,0,1,0,0,0,1,0,0,2,0,0,0,0,2,1,3,0,0,2,0,0,0,0,0,0,0,0,0,0,2,0,0,0,0,0,0,0,0,0,0,0,0,0,0,2,1,0,0,0,0,2,0,0,0,0,0,0,0,0,0,0,0,0,0,0,0,1,0,1,0,0,0,0,0,0,0,0,0,0,0,0,0,0,0,0,0,0,0,0
0,PNC Bank,1,1,1,https://www.indeed.com/viewjob?jk=5cb97e37038702d4&fccid=b1330bfa6e5aae73&vjs=3,0,0,0,1,0,0,0,0,0,0,0,0,2,0,0,0,0,0,0,0,0,0,0,0,0,0,0,0,0,0,0,2,1,0,0,0,0,0,0,0,1,0,0,0,0,1,0,0,1,0,0,0,0,0,0,6,0,0,2,0,0,0,0,0,0,0,0,0,0,1,0,0,0,1,0,0,0,0,0,0,0,0,0,0,0,0,0,0,0,0,0,0,0,0,0,0,0,0,0,0
0,PNC Bank,1,1,1,https://www.indeed.com/viewjob?jk=5efac58cc2168e78&fccid=b1330bfa6e5aae73&vjs=3,0,0,2,0,0,0,0,1,0,0,0,0,2,0,0,0,1,0,0,0,0,0,0,0,1,0,1,0,0,0,0,1,1,0,0,0,0,0,0,0,0,1,0,1,0,0,0,0,1,0,0,0,0,0,0,3,0,0,2,0,0,0,1,0,0,0,0,0,0,0,0,0,0,0,0,0,0,0,0,0,0,0,0,0,0,0,0,0,0,1,0,0,0,0,0,0,0,0,0,0
0,PNC Bank,1,1,1,https://www.indeed.com/viewjob?jk=3f5fd43280a37847&fccid=b1330bfa6e5aae73&vjs=3,0,0,1,0,0,0,1,1,0,0,0,0,2,0,0,0,1,0,0,0,0,0,0,0,0,0,3,0,0,0,0,1,2,1,0,0,0,0,0,0,0,0,0,0,0,0,0,0,0,0,1,0,1,0,0,4,0,0,4,0,0,0,1,0,0,0,0,0,0,0,0,0,0,0,0,0,2,0,0,0,0,0,0,0,0,0,0,0,0,0,0,0,0,0,0,0,0,0,0,0
0,PNC Bank,1,1,1,https://www.indeed.com/viewjob?jk=ac7e3c7219dc92a1&fccid=b1330bfa6e5aae73&vjs=3,1,0,0,1,0,0,0,0,0,1,0,0,2,0,0,0,0,0,0,0,0,0,0,0,0,0,0,0,0,0,0,3,1,0,0,0,0,0,0,0,2,0,0,0,0,2,0,0,0,0,0,0,0,1,0,10,0,0,5,0,0,0,0,0,0,0,0,0,0,0,0,0,0,0,0,0,0,0,0,0,0,0,1,0,0,0,0,0,0,0,0,0,0,0,2,0,0,0,0,0
0,PNC Bank,1,1,1,https://www.indeed.com/viewjob?jk=a056cbf801c6555b&fccid=f8c85b296194776f&vjs=3,0,0,6,1,0,0,1,0,0,0,0,2,0,0,0,0,1,1,0,2,0,0,0,0,0,0,0,0,0,1,0,3,0,1,0,0,2,0,0,0,0,0,0,0,1,0,0,0,0,0,0,0,0,0,0,4,0,0,0,0,0,0,0,0,0,0,0,2,0,0,0,0,2,0,0,0,1,0,0,0,0,0,0,1,0,0,0,0,0,1,0,1,0,0,2,0,0,1,0,0
0,PNC Bank,1,1,1,https://www.indeed.com/viewjob?jk=39b161316fdc8ff6&fccid=b1330bfa6e5aae73&vjs=3,0,0,0,0,0,0,0,0,0,0,0,0,2,0,0,0,0,0,0,0,0,0,0,0,0,0,0,0,0,0,0,2,1,0,0,0,0,0,0,0,2,1,0,0,0,4,0,0,0,0,0,0,0,1,0,8,0,0,2,0,0,0,0,0,0,0,0,0,0,1,0,1,0,1,0,0,1,0,0,0,0,0,0,0,0,0,0,0,0,3,0,0,0,0,0,0,0,0,0,0
0,PNC Bank,1,1,1,https://www.indeed.com/viewjob?jk=f5df4ed098b9df5e&fccid=b1330bfa6e5aae73&vjs=3,0,0,1,1,0,0,1,0,0,0,0,0,2,0,0,0,0,0,0,0,0,2,0,0,0,0,0,0,0,0,10,1,2,0,0,0,0,0,0,0,0,0,0,0,0,1,0,0,1,0,0,0,0,0,0,6,0,0,2,0,0,0,1,0,0,0,0,0,0,0,0,0,0,0,0,0,0,0,0,0,0,0,0,0,0,3,0,0,0,0,0,1,0,0,0,2,0,0,0,0
0,PNC Bank,1,1,1,https://www.indeed.com/viewjob?jk=e3ba9cb907ee8e2e&fccid=b1330bfa6e5aae73&vjs=3,0,1,1,1,0,0,3,3,0,0,0,0,9,0,0,0,0,1,0,1,0,0,0,0,0,0,10,0,0,0,0,4,1,0,0,0,0,1,0,0,0,2,0,0,4,2,0,0,0,0,0,0,0,1,0,11,0,0,3,3,1,0,1,0,0,0,0,1,0,0,0,1,0,0,0,0,1,0,0,0,0,0,0,0,0,0,1,0,0,1,0,0,0,0,0,0,0,0,1,0
0,PNC Bank,1,1,1,https://www.indeed.com/viewjob?jk=3ecf9ce1457e3ce4&fccid=b1330bfa6e5aae73&vjs=3,0,0,0,0,0,0,0,0,0,0,0,0,2,0,0,0,0,0,0,0,0,0,0,0,0,0,0,0,0,0,0,1,1,0,0,0,0,0,0,0,1,0,0,0,0,0,0,0,2,0,0,0,0,0,0,6,0,0,2,0,0,0,1,0,0,0,0,0,0,0,0,0,0,0,0,0,0,0,0,0,0,0,0,0,0,0,1,0,0,0,0,0,0,0,0,0,0,0,0,0
0,PNC Bank,1,1,1,https://www.indeed.com/viewjob?jk=3f87bab36d1ffa40&fccid=b1330bfa6e5aae73&vjs=3,0,1,8,0,0,0,1,0,0,0,4,0,3,0,0,0,2,0,0,0,0,0,0,0,0,0,3,0,0,0,1,1,3,2,0,0,0,0,0,0,0,0,0,0,0,3,0,0,2,0,0,0,0,0,0,3,0,0,2,0,1,0,2,0,0,0,0,0,0,0,0,0,0,0,0,0,2,0,0,0,0,0,0,0,0,0,0,0,0,0,0,0,0,0,0,1,0,0,0,0
0,PNC Bank,1,1,1,https://www.indeed.com/viewjob?jk=a056cbf801c6555b&fccid=f8c85b296194776f&vjs=3,0,0,6,1,0,0,1,0,0,0,0,2,0,0,0,0,1,1,0,2,0,0,0,0,0,0,0,0,0,1,0,3,0,1,0,0,2,0,0,0,0,0,0,0,1,0,0,0,0,0,0,0,0,0,0,4,0,0,0,0,0,0,0,0,0,0,0,2,0,0,0,0,2,0,0,0,1,0,0,0,0,0,0,1,0,0,0,0,0,1,0,1,0,0,2,0,0,1,0,0
0,PNC Bank,1,1,1,https://www.indeed.com/viewjob?jk=81fe8eee0ae5e123&fccid=b1330bfa6e5aae73&vjs=3,0,0,1,0,0,0,0,0,0,0,0,0,2,0,0,0,0,0,0,0,0,0,0,0,0,0,0,0,0,0,0,1,1,0,0,0,0,0,0,0,0,0,0,1,0,0,0,0,0,0,0,0,0,0,0,3,0,0,2,0,0,0,0,0,0,0,0,0,0,0,0,0,0,0,0,0,1,0,0,0,0,0,0,0,0,0,0,0,0,0,0,0,0,0,0,0,0,0,0,0
0,PNC Bank,1,1,1,https://www.indeed.com/viewjob?jk=188c9d6e18f4f92e&fccid=7ccef8ac27d888c8&vjs=3,0,2,1,0,0,0,4,0,0,0,0,0,1,0,0,0,1,0,0,2,0,0,0,0,2,1,3,0,0,2,0,0,0,0,0,0,0,0,0,0,2,0,0,0,0,0,0,0,0,0,0,0,0,0,0,2,1,0,0,0,0,2,0,0,0,0,0,0,0,0,0,0,0,0,0,0,0,1,0,1,0,0,0,0,0,0,0,0,0,0,0,0,0,0,0,0,0,0,0,0
0,PNC Bank,1,1,1,https://www.indeed.com/viewjob?jk=bda706ff9b49e067&fccid=bb683ece80aa0ce2&vjs=3,0,0,0,0,0,0,0,0,0,0,0,0,1,0,0,0,0,0,0,0,0,0,0,0,0,0,1,0,0,0,0,0,0,0,0,0,0,0,0,0,0,0,0,0,0,0,0,0,0,0,0,0,0,0,0,0,0,0,0,0,0,0,0,0,0,0,0,0,0,0,0,0,0,0,0,0,1,0,0,0,0,0,0,0,0,0,0,0,0,0,0,0,0,0,0,0,0,0,0,0
0,PNC Bank,1,1,1,https://www.indeed.com/viewjob?jk=4a5622dc010ebf42&fccid=b1330bfa6e5aae73&vjs=3,0,3,4,0,0,0,4,0,0,0,0,0,6,0,0,0,2,0,0,0,0,0,0,0,1,0,0,0,0,0,0,1,1,0,0,0,0,0,0,0,0,0,1,0,0,3,0,0,0,0,0,0,0,0,0,2,0,0,2,0,0,0,0,0,0,0,0,1,0,0,0,0,0,0,0,0,0,0,0,0,0,0,0,0,0,0,0,0,0,0,0,0,0,0,0,0,0,0,0,0
0,PNC Bank,1,1,1,https://www.indeed.com/viewjob?jk=90bb88a640008081&fccid=b1330bfa6e5aae73&vjs=3,0,1,5,7,0,0,1,0,0,0,2,0,2,0,0,0,2,0,0,0,0,0,0,1,0,0,0,0,0,0,1,5,1,1,0,0,0,0,0,0,0,1,0,0,0,0,0,0,1,0,0,0,1,0,0,11,0,0,7,0,0,0,1,0,0,0,1,0,0,5,0,0,0,0,0,0,0,0,0,0,0,0,1,0,0,1,0,0,0,0,0,0,0,0,0,0,0,0,0,0
0,PNC Bank,1,1,1,https://www.indeed.com/viewjob?jk=110dc34f71cb37d6&fccid=44962bfdcf371a6d&vjs=3,0,0,1,1,0,0,0,0,0,0,0,0,0,0,0,0,0,3,0,0,0,0,0,0,1,0,0,0,0,0,0,0,0,0,0,0,0,0,1,0,0,0,0,1,2,0,0,0,0,0,0,0,0,0,0,0,0,0,0,0,0,0,0,0,0,0,0,0,0,0,0,0,0,0,0,0,0,0,0,0,0,0,0,0,0,0,0,0,0,0,0,0,1,0,0,0,0,1,1,0
0,PNC Bank,1,1,1,https://www.indeed.com/viewjob?jk=3882faece50a5c9c&fccid=7ccef8ac27d888c8&vjs=3,0,2,1,0,0,0,4,0,0,0,0,0,0,0,0,0,2,0,0,1,0,0,0,0,1,0,3,0,0,2,0,0,0,0,0,0,0,0,0,0,2,0,0,0,0,0,0,0,0,0,0,0,0,0,0,1,0,0,0,0,0,2,0,0,0,0,0,0,0,0,0,0,0,0,0,0,0,1,0,1,0,0,0,0,0,0,0,0,0,0,0,0,1,0,0,0,0,0,0,0
0,PNC Bank,1,1,1,https://www.indeed.com/viewjob?jk=d7d65b672765aaba&fccid=b1330bfa6e5aae73&vjs=3,0,3,6,0,0,0,4,0,0,0,1,0,4,0,0,0,2,0,0,0,0,0,0,0,1,0,0,0,0,0,0,2,1,0,0,0,0,0,0,0,0,0,0,0,1,3,0,0,1,0,0,0,6,1,0,3,0,0,4,0,0,0,0,0,0,0,0,2,0,0,0,0,0,0,0,0,0,0,0,0,0,0,0,0,0,0,0,0,0,0,0,0,0,0,0,0,0,0,0,0
0,PNC Bank,1,1,1,https://www.indeed.com/viewjob?jk=417c9f2a9bdc90b5&fccid=4356d89a17a86533&vjs=3,0,0,0,0,0,0,0,1,0,0,0,0,0,0,0,0,0,0,0,0,0,0,0,0,0,0,0,0,0,0,0,0,0,0,0,0,0,0,0,0,0,0,0,0,0,0,0,0,0,0,0,0,0,0,0,0,0,0,0,0,0,0,0,0,0,0,0,0,0,1,0,0,0,0,0,0,0,1,0,0,0,0,0,0,0,0,0,0,0,3,0,1,0,0,0,0,0,0,0,0
0,PNC Bank,1,1,1,https://www.indeed.com/viewjob?jk=371474157f80f9d5&fccid=c3ce5ffdf81876b2&vjs=3,0,0,0,0,0,0,0,0,0,0,0,0,0,1,0,0,3,0,0,0,0,0,0,0,0,0,0,0,0,0,0,1,0,0,0,0,0,0,0,0,0,0,0,1,1,0,0,0,1,0,0,0,0,0,0,0,0,0,0,0,0,0,0,0,0,0,0,0,0,0,0,0,0,0,0,2,0,1,0,0,0,0,0,0,0,0,0,0,0,0,0,0,0,0,0,0,0,0,1,0
0,PNC Bank,1,1,1,https://www.indeed.com/viewjob?jk=4a5622dc010ebf42&fccid=b1330bfa6e5aae73&vjs=3,0,3,4,0,0,0,4,0,0,0,0,0,6,0,0,0,2,0,0,0,0,0,0,0,1,0,0,0,0,0,0,1,1,0,0,0,0,0,0,0,0,0,1,0,0,3,0,0,0,0,0,0,0,0,0,2,0,0,2,0,0,0,0,0,0,0,0,1,0,0,0,0,0,0,0,0,0,0,0,0,0,0,0,0,0,0,0,0,0,0,0,0,0,0,0,0,0,0,0,0
0,PNC Bank,1,1,1,https://www.indeed.com/viewjob?jk=c95efe436dabce99&fccid=b1330bfa6e5aae73&vjs=3,0,0,0,0,0,0,1,0,0,0,0,0,2,0,0,0,1,0,0,0,0,0,0,0,0,0,1,0,0,0,0,1,1,0,0,0,0,0,0,0,1,0,0,0,0,1,0,0,1,0,0,0,0,0,0,6,0,0,2,0,0,0,1,0,1,1,0,0,0,0,0,0,0,0,0,0,2,0,0,0,0,0,0,0,0,0,0,0,0,0,0,0,0,0,0,1,0,0,0,0
0,PNC Bank,1,1,1,https://www.indeed.com/viewjob?jk=bce33f1913370788&fccid=b1330bfa6e5aae73&vjs=3,0,0,5,1,0,0,1,0,0,0,0,0,3,0,0,0,1,0,0,0,0,0,0,0,1,0,2,0,0,0,0,5,1,0,0,0,0,0,0,0,0,1,1,0,0,0,0,0,2,0,0,0,4,1,0,16,0,0,10,0,0,0,3,0,0,0,0,0,0,2,0,0,0,0,0,0,0,0,0,0,0,0,0,0,0,0,0,0,0,0,0,0,0,0,0,0,0,0,0,0
0,PNC Bank,1,1,1,https://www.indeed.com/viewjob?jk=3882faece50a5c9c&fccid=7ccef8ac27d888c8&vjs=3,0,2,1,0,0,0,4,0,0,0,0,0,0,0,0,0,2,0,0,1,0,0,0,0,1,0,3,0,0,2,0,0,0,0,0,0,0,0,0,0,2,0,0,0,0,0,0,0,0,0,0,0,0,0,0,1,0,0,0,0,0,2,0,0,0,0,0,0,0,0,0,0,0,0,0,0,0,1,0,1,0,0,0,0,0,0,0,0,0,0,0,0,1,0,0,0,0,0,0,0
0,PNC Bank,1,1,1,https://www.indeed.com/viewjob?jk=47089867391c94f9&fccid=e5393318b53e93d4&vjs=3,0,0,0,0,0,0,0,1,0,0,0,0,0,0,0,0,0,0,0,0,0,0,0,0,0,0,0,0,0,0,0,0,0,0,0,0,0,0,0,0,0,0,0,0,0,0,0,0,0,0,0,0,0,0,0,0,0,0,0,0,0,0,0,0,0,0,0,0,0,1,0,0,0,0,0,0,0,0,0,0,0,0,0,0,0,0,0,0,0,2,0,0,0,0,1,0,0,0,0,0
0,PNC Bank,1,1,1,https://www.indeed.com/viewjob?jk=6b860e7e2fc88038&fccid=b1330bfa6e5aae73&vjs=3,0,3,4,0,0,0,4,0,0,0,0,0,6,0,0,0,2,0,0,0,0,0,0,0,1,0,0,0,0,0,0,1,1,0,0,0,0,0,0,0,0,0,0,0,0,3,0,0,0,0,0,0,0,0,0,2,0,0,2,0,0,0,0,0,0,0,0,1,0,0,0,0,0,0,0,0,0,0,0,0,0,0,0,0,0,0,0,0,0,0,0,0,0,0,0,0,0,0,0,0
0,PNC Bank,1,1,1,https://www.indeed.com/viewjob?jk=c63aaac0256fe27f&fccid=4356d89a17a86533&vjs=3,0,0,0,0,0,0,0,1,0,0,0,0,0,0,0,0,0,0,0,0,0,0,0,0,0,0,0,0,0,0,0,0,0,0,0,0,0,0,0,0,0,0,0,0,0,0,0,0,0,0,0,0,0,0,0,0,0,0,0,0,0,0,0,0,0,0,0,0,0,1,0,0,0,0,0,0,0,0,0,0,0,0,0,0,0,0,0,0,0,2,0,0,0,0,1,0,0,0,0,0
